Time (s)	TC1 (C)	TC2 (C)	TC3 (C)	TC4 (C)	TC5 (C)
3954,338	21,085	22,755	22,484	23,182	23,322
3955,355	21,073	22,936	22,469	23,224	23,340
3956,339	21,075	22,980	22,434	23,189	23,283
3957,339	21,030	23,000	22,427	23,160	23,303
3958,339	21,137	23,058	22,484	23,252	23,359
3959,340	21,044	22,962	22,390	23,224	23,269
3960,339	21,024	22,974	22,441	23,189	23,262
3961,339	21,098	23,051	22,491	23,228	23,375
3962,340	21,028	23,068	22,450	23,168	23,286
3963,340	21,036	23,013	22,466	23,159	23,345
3964,338	21,090	23,030	22,431	23,111	23,347
3965,340	21,029	23,054	22,435	23,114	23,296
3966,340	21,007	23,037	22,400	23,099	23,243
3967,339	21,041	23,062	22,439	23,125	23,291
3968,339	21,013	23,049	22,444	23,170	23,312
3969,339	21,049	22,986	22,397	23,118	23,283
3970,340	21,072	23,052	22,449	23,179	23,325
3971,341	38,596	23,484	22,692	23,442	23,296
3972,340	70,335	24,493	24,161	23,795	23,405
3973,340	95,907	25,517	26,157	23,995	23,295
3974,339	114,750	26,768	28,478	23,964	23,389
3975,339	133,159	28,022	30,451	24,290	23,349
3976,339	148,705	55,505	32,487	24,143	23,405
3977,340	163,152	62,992	34,142	24,396	23,374
3978,339	183,008	69,138	35,631	24,336	23,308
3979,340	195,308	74,690	36,996	24,413	23,380
3980,339	205,504	79,763	38,317	24,744	23,468
3981,340	212,567	84,914	39,533	24,648	23,523
3982,340	212,493	89,223	40,635	24,665	23,439
3983,339	220,527	94,096	41,771	25,096	23,478
3984,340	230,595	98,040	42,796	25,103	23,564
3985,340	244,405	102,131	43,787	25,344	23,590
3986,339	250,618	105,666	44,690	25,183	23,585
3987,340	252,383	108,735	45,501	25,303	23,629
3988,339	261,809	111,992	46,302	25,732	23,686
3989,340	267,767	115,067	47,089	25,474	23,713
3990,340	273,555	117,542	47,821	25,540	23,760
3991,340	273,184	119,927	48,512	25,546	23,776
3992,339	277,182	121,686	49,223	25,640	23,798
3993,339	279,244	123,779	49,818	26,007	23,809
3994,339	284,079	125,614	50,446	25,923	23,799
3995,340	287,970	126,932	51,084	25,891	23,911
3996,339	293,061	128,498	51,724	26,171	24,042
3997,339	297,536	129,425	52,184	26,132	23,853
3998,340	303,331	130,502	52,718	26,042	23,910
3999,339	302,909	131,540	53,420	26,229	24,038
4000,340	301,036	132,655	53,984	26,431	24,067
4001,341	305,642	133,647	54,509	26,657	24,073
4002,340	309,327	134,913	55,205	26,619	24,222
4003,340	309,878	135,853	55,675	26,640	24,152
4004,341	312,411	135,960	56,271	26,528	24,282
4005,339	321,942	136,240	56,853	26,635	24,273
4006,339	321,911	137,071	57,571	26,787	24,342
4007,339	322,043	137,734	58,133	26,882	24,328
4008,339	331,946	146,671	58,804	26,763	24,399
4009,340	335,024	152,703	59,448	26,778	24,405
4010,341	338,715	150,526	59,908	26,849	24,407
4011,339	340,319	157,212	60,495	26,912	24,441
4012,339	345,558	157,059	61,066	26,961	24,438
4013,341	348,677	156,284	61,652	26,906	24,572
4014,340	352,052	157,073	62,217	26,977	24,485
4015,339	351,627	158,066	62,899	27,016	24,567
4016,340	360,162	162,115	63,484	27,360	24,701
4017,339	359,325	159,751	64,013	27,212	24,688
4018,340	360,457	161,930	64,580	27,225	24,676
4019,341	359,817	163,698	65,276	27,379	24,713
4020,340	362,015	160,367	65,828	27,557	24,766
4021,340	367,610	159,490	66,556	27,513	24,867
4022,340	368,945	162,144	67,106	27,544	24,807
4023,340	370,572	161,303	67,701	27,532	24,816
4024,340	358,630	150,931	68,291	27,571	24,979
4025,340	342,237	142,380	68,154	27,472	24,947
4026,339	334,980	139,794	67,778	27,369	24,925
4027,340	328,139	137,079	67,206	27,296	24,984
4028,341	321,623	134,388	66,737	27,216	24,986
4029,340	315,302	131,755	66,247	27,227	25,026
4030,339	309,288	129,200	65,732	27,087	25,020
4031,341	303,531	126,608	65,324	27,133	25,029
4032,339	298,065	124,123	64,878	27,130	25,043
4033,340	292,866	121,880	64,553	27,107	25,075
4034,340	287,925	119,747	64,220	27,046	25,029
4035,340	283,334	117,624	63,916	26,992	25,074
4036,339	278,982	115,648	63,730	27,047	25,103
4037,340	274,772	113,867	63,475	26,951	25,033
4038,341	270,783	112,122	63,296	26,874	25,016
4039,340	267,021	110,483	63,101	26,833	25,083
4040,339	263,440	108,853	62,989	26,728	25,076
4041,340	259,950	107,391	62,893	26,716	25,021
4042,339	256,621	105,912	62,748	26,684	25,041
4043,340	253,452	104,517	62,756	26,732	25,130
4044,341	250,370	103,161	62,660	26,656	25,055
4045,341	247,428	101,844	62,541	26,637	25,035
4046,340	244,599	100,605	62,558	26,605	25,032
4047,340	241,874	99,437	62,535	26,621	25,026
4048,339	239,241	98,406	62,460	26,602	25,047
4049,340	236,696	97,470	62,405	26,657	25,013
4050,339	234,235	96,499	62,361	26,568	25,035
4051,341	231,841	95,611	62,376	26,621	25,054
4052,339	229,439	94,670	62,423	26,659	25,068
4053,340	227,102	93,722	62,356	26,601	25,000
4054,341	224,788	92,920	62,348	26,578	25,010
4055,339	222,547	92,086	62,360	26,576	24,972
4056,339	220,333	91,273	62,355	26,608	25,003
4057,340	218,214	90,456	62,341	26,608	24,995
4058,340	216,132	89,823	62,427	26,628	24,983
4059,341	213,982	89,017	62,356	26,557	24,920
4060,340	211,989	88,255	62,464	26,576	24,961
4061,340	210,049	87,677	62,480	26,608	24,989
4062,339	208,035	86,928	62,436	26,567	24,963
4063,340	206,198	86,395	62,502	26,612	24,991
4064,340	204,300	85,692	62,509	26,542	24,965
4065,341	202,541	85,149	62,538	26,584	24,991
4066,341	200,744	84,539	62,511	26,506	24,960
4067,341	198,950	83,896	62,603	26,568	25,038
4068,339	197,169	88,475	62,568	26,447	24,931
4069,340	195,426	80,528	62,598	26,551	24,931
4070,340	193,775	62,120	62,660	26,528	25,009
4071,340	192,054	33,361	62,595	26,499	24,913
4072,340	190,442	32,364	62,635	26,516	24,934
4073,339	188,923	32,015	62,697	26,574	24,940
4074,339	187,254	31,791	62,704	26,587	24,907
4075,341	185,742	31,540	62,679	26,582	24,923
4076,342	184,270	31,446	62,707	26,653	24,898
4077,340	182,873	31,428	62,788	26,781	24,986
4078,340	181,327	31,212	62,788	26,709	24,917
4079,341	179,795	31,103	62,752	26,727	24,912
4080,341	178,434	31,036	62,802	26,813	24,920
4081,340	176,927	30,930	62,828	26,856	24,904
4082,341	175,638	30,865	62,863	26,839	24,971
4083,339	174,173	30,794	62,857	26,828	24,927
4084,341	172,871	30,729	62,888	26,936	24,925
4085,340	171,544	30,598	62,870	26,925	24,889
4086,341	170,178	30,593	62,906	26,947	24,894
4087,341	168,934	30,494	62,913	26,977	24,934
4088,341	167,659	30,447	62,925	26,940	24,873
4089,340	166,386	30,358	62,909	26,987	24,869
4090,340	165,144	30,275	62,997	26,993	24,910
4091,340	163,874	30,217	62,985	27,017	24,915
4092,340	162,750	30,121	63,014	27,049	24,910
4093,340	161,565	30,048	62,979	27,096	24,929
4094,341	160,377	67,139	63,047	27,094	24,913
4095,341	159,196	29,577	63,012	27,086	24,854
4096,340	158,119	29,064	63,048	27,110	24,896
4097,341	156,955	28,607	63,062	27,124	24,903
4098,341	155,780	28,456	63,043	27,137	24,885
4099,340	154,713	28,405	63,026	27,193	24,892
4100,341	153,558	28,347	63,005	27,177	24,840
4101,340	152,484	28,280	63,037	27,215	24,879
4102,340	151,427	28,222	63,030	27,244	24,910
4103,341	150,402	28,119	62,988	27,272	24,911
4104,341	149,370	28,094	62,983	27,315	24,942
4105,341	148,333	28,093	63,013	27,347	24,938
4106,340	147,259	28,329	62,971	27,406	24,962
4107,342	146,225	28,051	62,940	27,395	24,904
4108,340	145,248	27,902	62,918	27,418	24,909
4109,339	144,298	27,908	62,877	27,453	24,934
4110,340	143,360	27,953	62,883	27,531	24,969
4111,340	142,313	27,844	62,844	27,489	24,903
4112,341	141,388	27,781	62,796	27,503	24,904
4113,340	140,464	27,788	62,771	27,559	24,866
4114,339	139,572	27,785	62,770	27,636	24,940
4115,341	138,670	27,780	62,762	27,654	24,964
4116,340	137,781	27,792	62,788	27,702	24,976
4117,341	136,839	27,779	62,695	27,751	24,955
4118,341	135,925	27,725	62,620	27,729	24,959
4119,341	135,082	27,687	62,601	27,774	25,005
4120,340	134,165	27,641	62,525	27,744	24,937
4121,341	133,341	27,585	62,475	27,782	24,966
4122,340	132,410	27,543	62,443	27,796	24,921
4123,341	131,681	27,531	62,485	27,902	25,004
4124,342	130,813	27,554	62,436	27,941	25,006
4125,341	129,967	27,486	62,410	28,010	25,026
4126,340	129,126	27,506	62,393	28,022	25,060
4127,341	128,286	27,470	62,296	28,079	24,978
4128,341	127,493	27,450	62,311	28,068	25,043
4129,341	126,711	27,390	62,228	28,080	25,053
4130,340	125,933	27,437	62,220	28,188	25,057
4131,340	125,118	27,374	62,145	28,180	25,098
4132,340	124,389	27,335	62,098	28,222	25,102
4133,340	123,576	27,324	62,093	28,252	25,063
4134,341	122,819	27,272	61,962	28,264	25,069
4135,340	122,142	27,289	62,006	28,320	25,130
4136,341	121,383	27,242	61,921	28,368	25,095
4137,340	120,637	27,291	61,952	28,397	25,140
4138,341	119,964	27,248	61,870	28,434	25,139
4139,340	119,225	27,229	61,766	28,474	25,160
4140,341	118,483	27,271	61,743	28,535	25,121
4141,341	117,825	27,152	61,678	28,504	25,136
4142,341	117,169	27,214	61,676	28,602	25,214
4143,341	116,444	27,128	61,522	28,601	25,168
4144,340	115,740	32,066	61,523	28,655	25,159
4145,340	115,082	31,866	61,469	28,665	25,177
4146,341	114,521	31,810	61,408	28,692	25,175
4147,341	113,865	31,785	61,378	28,808	25,256
4148,340	113,211	31,639	61,318	28,826	25,169
4149,340	112,570	31,655	61,230	28,911	25,241
4150,340	111,871	31,603	61,166	28,853	25,216
4151,341	111,332	31,568	61,109	28,942	25,286
4152,341	110,726	31,492	61,088	28,983	25,272
4153,340	110,047	31,436	60,952	28,984	25,287
4154,340	109,551	31,440	60,989	29,014	25,315
4155,341	108,909	31,354	60,885	29,119	25,367
4156,342	108,388	31,319	60,868	29,180	25,343
4157,341	107,749	31,240	60,738	29,129	25,336
4158,341	107,179	31,234	60,748	29,176	25,342
4159,340	106,542	31,210	60,626	29,227	25,431
4160,342	106,090	31,172	60,529	29,283	25,405
4161,340	105,547	30,706	60,518	29,330	25,413
4162,342	105,043	28,832	60,523	29,367	25,485
4163,341	104,477	27,183	60,410	29,303	25,429
4164,340	103,914	26,886	60,342	29,360	25,451
4165,341	103,427	26,867	60,315	29,398	25,424
4166,340	102,858	26,772	60,185	29,326	25,350
4167,340	102,310	26,764	60,162	29,433	25,404
4168,342	101,883	26,881	60,135	29,524	25,454
4169,340	101,337	26,221	60,094	29,518	25,322
4170,340	100,807	26,125	60,046	29,526	25,512
4171,341	100,336	26,175	59,994	29,570	25,521
4172,341	99,764	26,005	59,927	29,648	25,518
4173,340	99,306	25,850	59,865	29,698	25,566
4174,341	98,871	25,763	59,773	29,729	25,670
4175,341	98,309	25,685	59,726	29,721	25,618
4176,341	97,851	25,648	59,611	29,738	25,570
4177,341	97,474	25,694	59,597	29,896	25,710
4178,340	96,948	25,676	59,576	29,838	25,679
4179,340	96,547	25,731	59,456	29,903	25,661
4180,341	96,063	25,674	59,358	29,904	25,674
4181,342	95,611	25,679	59,265	29,949	25,690
4182,341	95,224	25,693	59,242	29,952	25,724
4183,341	94,825	25,673	59,151	30,030	25,712
4184,341	94,431	25,671	59,072	30,041	25,756
4185,342	94,015	25,651	59,027	30,113	25,774
4186,340	93,641	25,705	58,905	30,042	25,788
4187,342	93,307	25,664	58,927	30,170	25,787
4188,341	93,030	30,060	58,848	30,184	25,830
4189,340	92,770	39,803	58,853	30,216	25,851
4190,340	92,413	33,245	58,700	30,258	25,900
4191,342	92,098	36,651	58,580	30,266	25,882
4192,341	91,735	26,209	58,398	30,237	25,883
4193,341	91,478	26,508	58,288	30,345	25,925
4194,341	91,147	26,463	58,131	30,293	25,914
4195,340	90,844	26,523	58,051	30,330	25,933
4196,341	90,473	26,356	57,911	30,272	25,971
4197,339	90,182	26,443	57,783	30,250	25,949
4198,340	89,909	26,737	57,700	30,322	26,016
4199,341	89,692	26,907	57,650	30,365	26,059
4200,341	89,300	26,877	57,513	30,347	26,021
4201,340	89,040	26,919	57,384	30,314	26,025
4202,341	88,796	26,992	57,365	30,337	26,050
4203,342	88,519	27,401	57,292	30,353	26,107
4204,342	88,285	27,538	57,205	30,381	26,139
4205,339	88,012	27,635	57,089	30,396	26,116
4206,339	87,841	27,690	57,008	30,430	26,149
4207,339	87,508	28,164	56,964	30,451	26,194
4208,341	87,418	28,889	56,910	30,445	26,169
4209,339	87,104	29,256	56,858	30,409	26,191
4210,341	86,965	29,219	56,823	30,514	26,241
4211,340	86,774	29,173	56,715	30,484	26,295
4212,341	86,529	29,142	56,733	30,524	26,043
4213,341	86,236	28,982	56,594	30,471	25,565
4214,341	86,029	37,818	56,552	30,457	25,613
4215,341	85,855	37,421	56,522	30,520	24,413
4216,341	85,636	37,324	56,506	30,575	24,667
4217,339	85,417	37,162	56,486	30,620	25,015
4218,339	85,175	37,093	56,497	30,635	25,135
4219,341	85,036	37,082	56,565	30,676	24,579
4220,340	84,861	37,037	56,484	30,711	24,431
4221,340	84,648	36,936	56,403	30,737	24,482
4222,341	84,515	36,891	56,406	30,816	25,433
4223,340	84,333	36,933	56,414	30,874	25,784
4224,341	84,194	36,868	56,355	30,867	24,857
4225,341	84,027	36,773	56,352	30,929	24,638
4226,341	83,878	36,815	56,347	30,916	25,696
4227,340	83,647	36,797	56,299	31,003	25,582
4228,341	83,473	36,770	56,305	31,045	25,499
4229,341	83,297	36,700	56,266	31,103	23,831
4230,340	83,094	36,661	56,214	31,105	23,840
4231,342	82,938	36,585	56,166	31,126	23,794
4232,339	82,740	36,524	56,109	31,137	23,724
4233,340	82,606	56,097	56,155	31,238	24,846
4234,340	82,351	69,152	56,057	31,226	24,544
4235,339	82,263	67,161	56,063	31,263	25,213
4236,341	82,069	61,973	56,019	31,338	25,581
4237,341	81,964	70,256	56,021	31,294	25,172
4238,340	81,776	54,197	56,002	31,364	24,229
4239,340	81,610	50,740	55,915	31,357	23,920
4240,340	81,517	50,605	55,929	31,484	23,642
4241,339	81,358	50,489	55,944	31,486	23,537
4242,340	81,209	50,245	55,883	31,552	23,697
4243,341	81,127	50,142	55,864	31,571	23,667
4244,341	81,032	49,990	55,847	31,609	23,541
4245,340	80,927	49,950	55,772	31,701	23,446
4246,340	80,801	57,481	55,696	31,700	23,607
4247,341	80,696	68,698	55,634	31,730	24,110
4248,339	80,599	71,434	55,614	31,810	24,364
4249,341	80,517	71,570	55,570	31,834	24,364
4250,341	80,384	71,350	55,498	31,821	24,179
4251,340	80,216	55,255	55,222	31,943	24,617
4252,341	80,154	35,023	54,807	32,042	25,449
4253,341	80,006	34,098	54,703	31,962	25,461
4254,339	79,851	33,681	54,632	31,985	25,440
4255,341	79,770	33,457	54,632	32,105	25,494
4256,340	79,620	33,485	54,553	32,071	25,542
4257,341	79,503	34,519	54,460	32,098	25,533
4258,340	79,313	36,308	54,385	32,147	25,506
4259,341	79,298	37,044	54,322	32,210	25,544
4260,340	79,141	37,516	54,356	32,272	25,519
4261,341	79,077	39,000	54,245	32,263	25,455
4262,340	78,913	42,594	54,120	32,305	25,433
4263,340	78,772	56,930	54,379	32,368	26,568
4264,340	78,733	50,977	54,477	32,422	27,243
4265,338	78,617	50,534	54,287	32,460	27,291
4266,340	78,527	50,379	54,258	32,573	27,438
4267,341	78,273	50,103	54,055	32,465	27,465
4268,341	78,271	50,097	53,993	32,576	27,574
4269,340	78,076	49,848	53,843	32,561	27,533
4270,340	78,012	49,666	53,744	32,596	27,526
4271,340	77,895	49,525	53,668	32,609	27,484
4272,341	77,787	49,331	53,556	32,650	27,589
4273,339	77,575	49,181	53,477	32,642	27,563
4274,339	77,471	49,054	53,370	32,666	27,590
4275,340	77,255	48,849	53,227	32,711	27,540
4276,340	77,129	48,757	53,193	32,768	27,632
4277,340	77,007	48,644	53,099	32,860	27,658
4278,340	76,852	48,622	52,939	32,797	27,480
4279,339	76,799	48,558	52,699	32,796	27,122
4280,340	76,593	48,406	52,597	32,769	26,636
4281,340	76,514	48,082	52,494	32,796	26,384
4282,341	76,324	48,041	52,361	32,826	26,223
4283,341	76,287	47,755	52,321	32,814	26,220
4284,340	76,113	47,412	52,218	32,919	26,197
4285,340	76,017	47,070	52,105	32,917	26,053
4286,340	75,798	46,812	52,056	32,945	26,043
4287,342	75,658	46,414	51,879	32,899	25,854
4288,340	75,531	46,123	51,717	32,939	25,790
4289,341	82,708	51,181	76,869	33,739	25,878
4290,340	81,467	57,487	107,118	34,267	25,998
4291,340	81,589	64,647	129,164	34,939	26,053
4292,341	78,674	71,702	146,985	35,722	25,978
4293,341	79,538	78,322	164,544	35,865	26,161
4294,339	96,467	85,359	198,568	36,129	26,203
4295,341	93,526	116,850	218,359	36,695	26,277
4296,340	95,957	124,054	232,395	37,344	26,352
4297,341	94,716	124,070	249,779	37,869	26,507
4298,339	90,884	117,262	251,646	38,462	26,609
4299,338	87,702	126,196	269,656	38,729	27,015
4300,341	85,826	131,177	278,909	39,178	28,917
4301,341	87,466	129,405	278,686	40,077	28,766
4302,340	86,495	131,500	285,970	40,335	28,390
4303,340	83,875	136,129	296,703	40,760	28,391
4304,341	86,028	135,334	304,216	41,293	28,414
4305,341	88,035	134,815	309,745	41,832	28,458
4306,339	87,829	137,500	315,103	42,131	28,571
4307,338	90,031	136,105	320,301	42,661	28,459
4308,340	89,230	139,936	325,003	43,075	28,539
4309,340	90,093	141,890	332,651	43,555	28,600
4310,340	90,481	140,317	335,377	43,852	28,735
4311,340	90,521	143,689	338,370	44,204	28,802
4312,339	91,277	144,647	340,980	44,703	28,935
4313,341	91,757	148,896	344,568	44,875	28,868
4314,341	91,449	144,741	344,088	45,246	28,998
4315,340	89,773	148,649	349,239	45,887	29,151
4316,341	89,009	151,775	346,139	46,124	29,179
4317,339	87,705	155,443	349,528	46,387	29,143
4318,339	86,624	156,063	358,949	46,850	29,235
4319,340	88,397	157,084	354,555	47,282	29,234
4320,340	87,776	157,221	359,791	47,825	29,334
4321,341	89,634	158,420	363,862	48,141	29,480
4322,340	90,264	158,988	366,577	48,421	30,241
4323,340	90,891	160,397	367,442	48,734	30,426
4324,340	92,895	165,403	371,268	49,262	30,462
4325,340	87,191	152,115	356,051	49,324	30,506
4326,340	83,598	141,049	337,499	49,428	30,555
4327,339	83,764	140,720	327,446	49,485	30,675
4328,340	84,055	138,820	318,773	49,538	30,462
4329,339	84,166	133,264	309,789	49,484	30,426
4330,339	84,386	128,471	300,850	49,437	30,418
4331,340	84,629	117,787	292,531	49,476	30,479
4332,340	84,900	113,212	284,546	49,450	30,520
4333,339	85,101	123,191	277,112	49,396	30,581
4334,340	85,286	122,594	270,036	49,404	30,596
4335,339	85,522	121,429	263,451	49,380	30,603
4336,339	85,784	120,231	257,324	49,353	30,659
4337,339	85,962	119,180	251,348	49,379	30,624
4338,339	86,208	118,243	245,727	49,300	30,623
4339,341	86,490	117,809	240,456	49,376	30,668
4340,341	86,752	117,561	235,405	49,439	30,732
4341,339	86,976	117,364	230,605	49,391	30,621
4342,340	87,232	117,479	226,118	49,465	30,330
4343,340	87,390	117,341	221,787	49,470	30,369
4344,339	87,672	116,835	217,703	49,477	30,358
4345,340	87,852	117,319	213,739	49,479	30,322
4346,341	88,087	117,332	210,060	49,485	30,292
4347,338	88,274	117,625	206,430	49,498	30,274
4348,340	88,550	117,934	203,074	49,554	30,316
4349,340	88,701	118,790	199,789	49,563	30,208
4350,338	88,927	119,812	196,707	49,616	30,104
4351,339	89,148	120,060	193,735	49,665	30,306
4352,340	89,365	120,501	190,844	49,672	30,269
4353,340	89,551	121,581	188,035	49,718	30,364
4354,341	89,766	122,021	185,369	49,756	30,410
4355,340	89,913	122,364	182,843	49,784	30,513
4356,339	90,106	123,187	180,377	49,838	30,860
4357,340	90,256	124,051	178,036	49,945	31,052
4358,338	90,439	124,050	175,808	50,010	30,493
4359,339	90,669	124,490	173,648	49,995	30,073
4360,340	90,826	123,501	171,505	50,125	30,042
4361,340	91,008	122,822	169,441	50,093	29,913
4362,339	91,119	121,905	167,474	50,181	29,855
4363,340	91,304	120,906	165,562	50,271	29,888
4364,340	91,450	120,177	163,697	50,347	29,947
4365,340	91,611	119,010	161,848	50,389	29,535
4366,340	91,845	118,123	160,195	50,484	29,153
4367,339	91,944	117,968	158,476	50,543	28,904
4368,339	92,111	117,025	156,842	50,630	29,020
4369,341	92,275	115,867	155,205	50,665	28,887
4370,340	92,316	114,529	153,634	50,629	28,809
4371,339	92,516	90,213	152,244	50,765	28,976
4372,340	92,662	140,648	150,702	50,840	29,408
4373,340	92,790	101,888	149,225	50,919	29,424
4374,340	92,929	97,730	147,856	51,005	29,432
4375,339	93,006	105,703	146,477	51,026	29,407
4376,340	93,143	103,878	145,138	51,139	29,482
4377,341	93,258	103,065	143,791	51,141	29,397
4378,339	93,486	102,270	142,568	51,243	29,492
4379,340	93,560	101,627	141,280	51,274	29,545
4380,339	93,702	100,986	140,044	51,372	29,528
4381,340	93,815	104,717	138,847	51,423	29,501
4382,339	93,890	104,159	137,615	51,430	29,532
4383,339	94,042	103,602	136,470	51,533	29,577
4384,339	94,134	102,861	135,342	51,483	29,579
4385,339	94,246	102,167	134,226	51,653	29,656
4386,338	94,403	101,562	133,252	51,688	29,725
4387,340	94,516	105,934	132,162	51,735	29,695
4388,340	94,591	126,954	131,124	51,832	29,735
4389,341	94,632	124,786	130,107	51,878	29,738
4390,340	94,712	123,857	129,103	51,909	29,716
4391,341	94,880	122,994	128,196	51,993	29,787
4392,340	94,910	122,246	127,292	52,054	29,855
4393,339	94,959	121,625	126,357	52,145	29,850
4394,340	95,050	120,619	125,459	52,160	29,846
4395,338	95,135	119,989	124,563	52,195	29,864
4396,340	95,215	119,275	123,734	52,313	29,856
4397,340	95,242	118,609	122,841	52,317	31,034
4398,339	95,361	104,763	121,988	52,394	30,994
4399,339	95,363	82,773	121,205	52,439	31,865
4400,340	95,449	103,702	120,394	52,497	30,012
4401,340	95,437	96,498	119,659	52,466	29,996
4402,340	95,497	113,516	118,920	52,551	29,820
4403,340	95,522	83,343	118,212	52,620	29,734
4404,341	95,514	81,805	117,652	52,701	29,805
4405,339	95,565	88,990	117,000	52,779	29,849
4406,339	95,510	117,132	116,319	52,833	29,923
4407,339	95,515	116,415	115,716	52,884	29,968
4408,340	95,487	114,975	115,135	52,935	31,872
4409,339	95,612	113,896	114,608	53,032	30,787
4410,340	95,566	110,093	114,005	53,081	30,564
4411,339	95,592	105,208	113,550	53,184	32,748
4412,339	95,470	96,029	112,943	53,110	33,653
4413,340	95,533	114,998	112,433	53,262	36,096
4414,339	95,529	114,512	111,880	53,230	34,973
4415,339	95,508	110,843	111,378	53,279	32,505
4416,340	95,553	113,719	110,938	53,374	33,687
4417,341	95,525	113,293	110,470	53,461	36,363
4418,340	95,581	112,940	109,992	53,536	36,530
4419,339	95,523	111,809	109,575	53,568	36,553
4420,341	95,472	87,931	109,106	53,608	36,586
4421,338	95,364	73,287	108,655	53,634	36,642
4422,339	95,343	71,666	108,293	53,768	36,523
4423,340	95,251	68,184	107,820	53,728	35,051
4424,341	95,253	65,161	107,411	53,801	36,332
4425,340	95,304	66,200	107,077	53,947	36,965
4426,339	95,290	62,953	106,665	53,976	37,065
4427,340	95,286	63,128	106,339	54,059	37,131
4428,341	95,205	59,102	105,918	54,098	37,230
4429,340	95,188	52,193	105,584	54,148	37,321
4430,339	95,135	44,431	105,216	54,205	37,374
4431,339	95,153	88,727	104,932	54,327	33,689
4432,339	95,164	88,956	104,601	54,374	31,985
4433,340	95,127	108,464	104,302	54,475	28,086
4434,340	94,980	107,930	103,948	54,476	28,016
4435,339	94,998	107,679	103,668	54,562	27,996
4436,339	94,924	107,023	103,328	54,585	27,815
4437,339	94,878	103,212	103,035	54,648	27,807
4438,340	94,792	91,168	102,731	54,694	28,107
4439,339	94,830	88,115	102,487	54,671	28,509
4440,340	94,817	87,887	102,204	54,747	28,751
4441,339	94,761	87,825	101,988	54,749	28,754
4442,339	94,686	87,550	101,634	54,826	28,620
4443,340	94,571	87,846	101,321	54,850	28,380
4444,340	94,530	96,156	101,048	54,903	28,272
4445,338	94,456	105,943	100,770	54,913	28,083
4446,340	94,401	105,744	100,437	54,941	28,112
4447,339	94,401	105,530	100,215	55,001	28,180
4448,339	94,351	105,306	99,990	55,005	28,197
4449,340	94,277	105,139	99,675	55,045	28,077
4450,340	94,195	74,017	99,364	55,060	36,775
4451,339	94,198	103,312	99,089	55,126	34,169
4452,339	94,154	102,338	98,825	55,130	32,826
4453,339	94,085	101,864	98,504	55,116	32,785
4454,339	94,131	81,776	98,313	55,205	32,806
4455,338	94,031	80,407	98,037	55,197	32,722
4456,339	93,942	80,057	97,750	55,170	32,664
4457,340	93,860	79,871	97,475	55,264	32,764
4458,340	93,773	78,131	97,190	55,207	32,815
4459,339	93,760	73,140	96,966	55,230	32,847
4460,339	93,694	100,612	96,666	55,268	32,923
4461,338	93,725	96,982	96,489	55,306	33,009
4462,339	93,630	102,599	96,165	55,244	32,973
4463,338	93,613	102,960	95,916	55,274	32,981
4464,339	93,494	100,763	95,981	59,542	33,025
4465,338	93,365	91,977	98,933	69,728	33,119
4466,339	93,359	73,922	102,709	71,281	33,497
4467,339	93,390	66,543	106,952	88,482	33,692
4468,339	93,364	65,544	112,272	95,187	34,164
4469,339	93,286	65,213	117,981	101,000	34,519
4470,340	93,267	69,650	124,252	109,441	34,136
4471,340	93,326	83,594	130,299	111,960	33,090
4472,339	93,092	83,676	136,213	114,199	33,859
4473,339	93,146	83,789	142,756	122,183	36,298
4474,340	93,111	83,926	148,790	132,334	36,527
4475,340	93,094	84,840	155,670	133,206	36,973
4476,339	93,183	84,832	161,260	147,428	37,295
4477,339	93,039	85,055	166,872	150,174	38,953
4478,340	92,984	85,048	172,199	156,190	39,379
4479,339	92,864	85,020	178,170	163,647	39,661
4480,339	93,059	85,212	183,254	167,569	39,985
4481,339	93,006	85,350	188,025	168,940	40,288
4482,339	92,968	85,434	193,050	168,754	40,593
4483,339	92,935	85,425	197,934	181,471	41,017
4484,340	92,852	85,857	202,514	188,414	41,367
4485,339	92,835	86,083	206,980	193,524	41,747
4486,339	92,939	86,223	211,075	201,312	41,930
4487,340	92,931	86,189	214,441	202,892	42,252
4488,338	92,827	86,519	217,767	203,583	42,524
4489,339	92,424	86,506	220,724	209,776	42,814
4490,339	92,817	86,761	224,014	218,367	43,370
4491,339	92,539	86,891	227,095	219,450	43,832
4492,340	92,650	87,085	229,859	221,010	44,176
4493,340	92,530	87,148	232,955	218,007	44,602
4494,339	92,534	87,107	235,825	224,403	45,052
4495,340	92,495	87,373	238,231	231,210	45,433
4496,340	92,435	87,448	240,732	238,069	45,773
4497,339	92,514	87,760	243,481	241,925	45,629
4498,340	92,458	87,836	245,948	240,709	46,017
4499,338	92,445	87,720	247,756	242,209	46,366
4500,340	92,478	88,052	250,497	246,411	46,666
4501,339	92,374	88,490	252,492	249,341	47,114
4502,340	92,290	88,489	254,693	253,164	47,406
4503,340	92,170	90,207	257,154	255,457	47,747
4504,340	92,238	87,884	258,784	256,847	47,927
4505,339	92,030	86,541	260,748	261,862	48,380
4506,340	92,327	86,616	262,628	266,320	48,846
4507,338	92,079	86,722	264,506	270,533	49,246
4508,339	92,045	86,857	266,489	266,778	49,584
4509,340	92,002	87,299	268,269	271,647	49,865
4510,338	91,876	87,532	270,265	270,728	50,233
4511,340	91,974	87,654	271,993	273,055	50,530
4512,339	91,809	88,222	273,861	271,253	50,914
4513,339	91,727	87,687	275,334	255,649	51,510
4514,339	91,705	87,889	276,812	257,391	51,976
4515,339	91,760	88,072	278,685	259,106	52,434
4516,340	91,380	88,214	280,346	260,747	52,989
4517,338	91,574	88,541	281,885	262,415	53,426
4518,340	91,554	88,958	283,268	263,999	54,054
4519,339	91,396	88,912	285,018	265,637	54,548
4520,340	91,455	89,109	286,394	267,129	55,028
4521,339	91,369	89,625	287,761	268,678	55,589
4522,339	91,364	89,417	289,390	269,919	56,097
4523,338	91,263	89,659	290,658	271,097	58,278
4524,338	91,220	90,210	292,354	282,240	37,379
4525,340	91,146	90,935	293,683	294,633	36,657
4526,339	91,142	90,960	295,009	296,745	36,743
4527,340	90,929	90,967	296,544	299,085	36,811
4528,339	91,017	91,323	297,402	296,190	37,013
4529,338	90,960	91,554	298,512	301,191	35,554
4530,339	90,960	91,742	299,627	300,849	34,802
4531,339	90,844	92,282	300,798	300,473	35,049
4532,339	90,871	92,474	301,613	300,412	35,033
4533,339	90,779	92,820	302,511	303,884	35,092
4534,339	90,696	93,054	303,194	302,081	35,327
4535,339	90,636	93,275	303,919	308,070	43,148
4536,339	90,784	93,638	305,004	310,401	37,903
4537,340	90,742	93,671	306,098	313,318	37,868
4538,339	90,749	93,936	306,797	309,493	37,883
4539,339	90,488	94,428	307,743	312,951	38,103
4540,339	90,647	94,717	308,677	313,549	38,061
4541,340	90,673	94,696	309,423	313,738	38,189
4542,340	90,596	95,170	310,483	312,273	39,210
4543,339	90,580	95,480	311,201	315,602	41,810
4544,339	90,447	95,600	312,237	315,181	39,255
4545,339	90,385	96,142	312,580	316,357	39,303
4546,339	90,457	96,564	313,254	317,240	39,409
4547,340	90,371	96,959	313,360	319,970	39,471
4548,340	90,282	96,936	313,180	321,343	39,570
4549,339	90,331	97,229	313,772	316,534	39,583
4550,340	90,335	97,854	313,612	319,076	48,025
4551,339	90,329	98,073	313,870	319,502	40,812
4552,339	90,272	98,281	314,492	321,972	40,756
4553,339	90,171	98,361	314,913	317,583	40,790
4554,339	90,231	98,157	314,104	321,463	40,704
4555,340	90,204	98,897	313,699	324,937	40,868
4556,338	90,013	99,061	315,564	328,299	40,804
4557,339	90,347	99,478	309,378	329,560	41,014
4558,340	90,300	99,926	310,470	330,000	40,995
4559,339	90,282	99,881	310,604	328,642	41,156
4560,338	90,211	100,214	311,384	329,001	41,235
4561,338	90,182	100,258	311,838	331,189	41,354
4562,340	89,960	100,698	312,523	337,256	41,387
4563,338	90,069	100,914	313,237	333,871	41,102
4564,338	90,011	101,049	313,637	335,183	41,255
4565,340	90,209	100,846	315,666	334,754	41,375
4566,340	90,344	100,641	322,133	310,509	41,451
4567,339	90,142	100,683	322,109	311,195	41,484
4568,338	90,106	101,097	315,986	312,125	41,551
4569,339	90,211	101,298	316,404	312,830	41,483
4570,338	90,005	101,650	317,351	325,309	41,657
4571,339	90,251	102,022	318,019	338,887	41,827
4572,340	90,091	102,143	319,496	341,652	42,005
4573,337	90,193	102,376	319,562	342,802	42,209
4574,338	90,300	102,598	319,793	343,019	42,265
4575,337	90,214	103,023	320,216	341,802	42,338
4576,339	90,259	103,322	320,674	342,583	42,514
4577,338	90,170	103,366	323,642	342,839	42,666
4578,338	90,285	103,543	325,089	345,964	42,825
4579,338	90,325	103,693	323,189	346,035	46,095
4580,338	90,435	102,684	324,814	324,116	45,001
4581,340	90,276	102,252	320,372	318,226	44,593
4582,340	90,391	102,328	318,172	316,069	44,581
4583,339	90,385	107,324	316,200	313,544	44,734
4584,338	90,411	130,964	313,249	310,976	44,901
4585,340	90,404	132,738	311,173	308,118	44,920
4586,339	90,343	130,390	309,578	305,160	44,879
4587,339	90,465	123,955	308,475	302,235	45,460
4588,339	90,425	101,023	306,131	299,137	46,055
4589,338	90,302	98,925	303,215	296,077	45,944
4590,339	90,286	98,885	300,647	293,093	45,866
4591,338	90,281	98,718	298,319	290,069	46,217
4592,340	90,297	100,466	295,922	287,052	46,071
4593,341	90,279	101,217	293,256	284,027	45,926
4594,339	90,238	108,351	290,514	281,089	46,956
4595,339	90,273	124,825	287,835	278,297	47,206
4596,340	90,222	120,095	285,202	275,550	47,066
4597,338	90,229	125,795	282,426	272,763	46,850
4598,339	90,266	82,297	279,438	270,212	46,942
4599,338	90,325	75,306	276,279	267,624	47,044
4600,338	90,343	75,945	273,003	265,066	47,440
4601,339	90,390	72,845	269,708	262,664	48,420
4602,339	90,323	74,506	266,553	260,200	48,580
4603,339	90,422	74,499	264,230	257,887	48,078
4604,338	90,378	74,451	262,036	255,573	48,365
4605,338	90,380	74,245	259,854	253,349	49,367
4606,338	90,457	73,825	257,796	251,164	50,243
4607,339	90,470	84,760	255,658	248,994	52,119
4608,338	90,518	98,449	253,650	246,880	53,140
4609,339	90,466	98,726	251,747	244,861	53,073
4610,338	90,402	91,932	249,769	242,807	53,547
4611,338	90,449	87,897	247,899	240,888	55,331
4612,338	90,497	129,682	246,053	239,058	56,236
4613,339	90,404	111,901	244,235	237,200	55,934
4614,339	90,457	102,110	242,472	235,354	55,945
4615,338	90,478	135,888	240,781	233,711	55,890
4616,339	90,500	138,117	239,026	231,894	55,854
4617,337	90,560	135,121	237,432	230,257	55,138
4618,339	90,633	93,190	235,879	228,674	55,146
4619,337	90,656	137,907	234,266	227,057	55,659
4620,338	90,680	137,732	232,685	225,490	55,751
4621,338	90,731	137,690	231,236	224,004	55,717
4622,339	90,786	137,627	229,798	222,481	56,009
4623,338	90,786	137,501	228,338	221,052	56,537
4624,339	90,834	137,388	227,007	219,692	57,376
4625,339	90,868	137,301	225,572	218,174	57,621
4626,338	90,901	137,208	224,278	216,877	57,830
4627,338	90,908	137,135	222,968	215,500	57,525
4628,338	90,958	137,000	221,712	214,250	57,595
4629,339	90,955	136,920	220,485	213,003	57,740
4630,339	91,054	136,821	219,214	211,708	58,910
4631,339	91,076	136,761	218,007	210,469	59,429
4632,339	91,090	136,609	216,771	209,247	59,162
4633,339	91,141	136,564	215,652	208,099	59,822
4634,338	91,239	136,474	214,516	206,993	60,372
4635,339	91,267	136,394	213,369	205,820	60,135
4636,338	91,371	136,250	212,242	204,660	59,547
4637,340	91,415	136,176	211,072	203,490	58,967
4638,339	91,473	136,116	210,057	202,390	58,499
4639,339	91,494	136,011	208,986	201,360	58,239
4640,339	91,564	135,938	207,943	200,358	58,015
4641,338	91,626	135,876	206,899	199,320	57,785
4642,339	91,655	135,811	205,890	198,239	57,509
4643,338	91,720	135,706	204,918	197,258	57,508
4644,338	91,809	135,643	203,952	196,269	57,118
4645,337	91,825	135,597	202,940	195,195	57,352
4646,338	91,910	135,511	202,029	194,272	58,520
4647,339	91,955	135,356	201,029	193,301	60,096
4648,339	92,088	135,337	200,154	192,378	61,065
4649,338	92,243	135,237	199,240	191,457	61,299
4650,338	92,178	135,108	198,313	190,536	61,412
4651,338	92,362	134,998	197,410	189,640	61,315
4652,338	92,457	134,996	196,441	188,749	60,806
4653,339	92,519	134,888	195,564	187,823	60,813
4654,339	92,624	134,779	194,763	186,946	60,870
4655,338	92,711	134,731	193,856	186,127	60,911
4656,338	92,812	134,657	193,043	185,255	60,868
4657,339	92,891	134,594	192,240	184,431	60,777
4658,338	92,869	134,500	191,380	183,636	60,705
4659,339	92,905	134,342	190,531	182,756	60,799
4660,338	92,966	134,315	189,750	182,090	60,854
4661,338	93,014	133,263	189,072	181,291	60,848
4662,338	93,048	67,500	188,261	180,479	60,795
4663,338	93,147	33,324	187,454	179,656	60,955
4664,338	93,181	32,812	186,685	178,954	61,548
4665,339	93,241	32,824	185,914	178,176	61,453
4666,339	93,202	32,697	185,123	177,380	61,447
4667,339	93,329	32,753	184,443	176,672	61,558
4668,338	93,342	32,729	183,679	175,968	61,529
4669,339	93,438	32,770	183,031	175,306	61,560
4670,339	93,429	32,699	182,230	174,578	62,072
4671,337	93,519	32,773	181,500	173,926	63,135
4672,339	93,739	32,944	180,862	173,243	63,520
4673,338	93,800	33,073	180,146	172,468	63,688
4674,338	93,952	33,013	179,388	171,786	63,648
4675,338	93,997	32,901	178,712	171,072	63,619
4676,338	94,065	32,873	177,975	170,421	63,645
4677,339	94,181	32,785	177,356	169,782	63,543
4678,338	94,170	32,690	176,645	169,084	63,314
4679,339	94,212	32,631	175,945	168,471	63,229
4680,338	94,238	32,650	175,332	167,824	63,056
4681,338	94,321	32,588	174,712	167,218	62,790
4682,338	94,308	32,578	174,054	166,601	62,601
4683,338	94,376	32,692	173,447	166,018	62,510
4684,339	94,358	32,649	172,834	165,376	62,452
4685,338	94,319	32,626	172,187	164,841	62,391
4686,339	94,379	32,549	171,581	164,174	62,323
4687,338	94,498	32,572	170,987	163,616	62,209
4688,339	94,463	32,556	170,375	163,027	62,091
4689,339	94,566	32,558	169,837	162,563	62,164
4690,338	94,611	32,483	169,237	161,929	62,117
4691,337	94,657	32,502	168,661	161,323	62,123
4692,338	94,665	34,113	168,054	160,772	62,012
4693,338	94,708	34,169	167,488	160,244	61,964
4694,339	94,804	34,089	167,009	159,755	61,987
4695,338	94,683	33,968	166,377	159,113	61,887
4696,339	94,868	34,022	165,870	158,631	61,922
4697,338	94,773	33,804	165,252	158,081	61,782
4698,339	94,736	33,583	164,655	157,541	61,676
4699,339	94,817	33,633	164,177	157,060	61,707
4700,338	94,827	33,658	163,540	156,508	61,593
4701,339	94,906	33,726	163,012	155,998	61,552
4702,338	94,899	33,684	162,550	155,409	61,475
4703,338	94,913	33,710	161,983	155,016	61,491
4704,339	94,913	33,692	161,432	154,449	61,463
4705,338	94,977	33,698	160,960	154,015	61,498
4706,338	94,956	33,657	160,440	153,542	61,326
4707,338	94,890	33,642	159,870	152,967	61,243
4708,338	94,987	33,679	159,427	152,521	61,247
4709,338	94,975	33,593	158,850	152,051	61,178
4710,339	95,056	33,612	158,300	151,564	61,157
4711,337	95,136	33,641	157,873	151,091	61,081
4712,339	95,067	33,612	157,355	150,586	61,064
4713,339	95,101	33,456	156,833	150,082	60,966
4714,339	95,139	33,508	156,393	149,664	60,954
4715,337	95,131	33,464	155,815	149,183	60,955
4716,338	95,186	33,482	155,390	148,693	60,878
4717,339	95,253	33,525	154,915	148,309	60,899
4718,339	95,223	33,503	154,375	147,799	60,681
4719,339	95,301	33,449	153,901	147,281	60,637
4720,338	95,369	33,495	153,421	146,910	60,747
4721,338	95,369	33,414	153,003	146,476	60,628
4722,338	95,424	33,394	152,532	145,998	60,602
4723,338	95,415	33,444	152,035	145,608	60,581
4724,339	95,462	33,378	151,520	145,123	60,518
4725,336	95,455	33,414	151,038	144,695	70,156
4726,338	95,488	33,323	150,645	144,322	97,734
4727,339	95,520	33,340	150,190	143,873	89,386
4728,338	95,535	33,258	149,757	143,457	88,129
4729,338	95,565	33,269	149,275	143,090	87,575
4730,339	95,573	32,042	148,806	142,627	87,008
4731,338	95,643	94,697	148,402	142,231	84,862
4732,339	95,666	123,317	147,998	141,870	84,818
4733,337	95,571	124,892	147,550	141,442	106,432
4734,340	95,582	124,626	147,149	141,028	125,417
4735,337	95,624	118,632	146,804	140,698	125,265
4736,337	95,548	117,003	146,262	140,277	124,907
4737,337	95,547	112,152	145,801	139,930	109,667
4738,339	95,593	119,693	145,336	139,591	82,072
4739,337	95,733	98,986	144,887	139,240	117,988
4740,338	95,784	55,666	144,433	138,822	48,472
4741,339	95,904	117,588	144,092	138,424	98,981
4742,339	96,009	101,833	143,738	137,996	110,519
4743,337	96,243	106,814	143,447	137,410	110,031
4744,338	96,446	124,203	143,140	136,747	109,186
4745,339	96,619	124,343	142,850	136,036	107,836
4746,337	96,826	123,215	142,653	135,359	107,224
4747,339	97,040	95,303	142,353	134,656	105,121
4748,338	97,162	118,545	142,078	133,904	95,952
4749,336	97,423	104,607	141,814	133,241	90,708
4750,338	97,616	99,244	141,559	132,639	90,180
4751,337	97,905	84,607	141,221	131,978	89,723
4752,338	98,044	105,167	140,974	131,340	89,137
4753,338	98,335	70,631	140,659	130,771	119,334
4754,338	98,417	50,361	140,280	130,171	118,098
4755,337	98,632	44,083	140,022	129,645	117,051
4756,337	98,720	40,046	139,626	129,105	116,533
4757,339	98,933	30,393	139,432	128,621	116,009
4758,337	99,039	29,089	139,062	128,136	115,552
4759,338	99,169	38,853	138,780	127,683	88,200
4760,338	99,302	33,763	138,463	127,177	84,138
4761,337	99,595	31,383	138,187	126,794	78,827
4762,338	99,734	63,738	137,881	126,402	80,887
4763,336	99,851	66,083	137,578	125,973	67,348
4764,339	99,823	66,198	137,220	125,569	65,656
4765,337	99,794	112,712	136,819	125,290	73,000
4766,337	99,770	124,377	136,435	125,043	86,646
4767,338	99,635	123,839	135,857	124,687	116,325
4768,337	99,550	123,417	135,442	124,541	104,310
4769,338	99,438	122,706	134,950	124,408	110,051
4770,337	99,360	112,888	134,482	124,177	111,214
4771,337	99,294	114,548	134,023	124,066	110,710
4772,337	99,093	100,763	133,458	123,816	110,298
4773,338	99,082	111,286	133,151	123,690	110,162
4774,338	98,960	106,755	132,718	123,556	109,944
4775,337	98,852	108,051	132,268	123,435	108,029
4776,337	98,767	63,170	131,874	123,315	66,862
4777,338	98,714	48,089	131,485	123,130	79,593
4778,338	98,657	46,040	131,107	122,936	72,196
4779,338	98,604	40,052	130,785	122,772	118,324
4780,338	98,537	26,441	130,366	122,584	118,170
4781,338	98,409	27,128	130,048	122,414	117,966
4782,338	98,345	25,325	129,724	122,255	117,821
4783,338	98,335	25,031	129,416	122,071	117,717
4784,338	98,252	44,958	129,074	121,855	117,543
4785,339	98,075	38,617	128,742	121,679	117,380
4786,338	98,008	38,148	128,423	121,466	117,149
4787,337	97,867	54,029	128,146	121,275	116,985
4788,337	97,898	64,366	127,913	121,114	116,886
4789,338	97,792	73,121	127,574	120,842	116,569
4790,338	97,694	61,932	127,330	120,630	116,408
4791,339	97,580	66,134	127,028	120,436	116,286
4792,338	97,618	27,181	126,821	120,325	116,094
4793,338	97,489	31,342	126,516	120,036	115,811
4794,339	97,492	32,318	126,335	119,870	115,653
4795,337	97,364	32,162	126,045	119,658	115,433
4796,338	97,325	46,994	125,825	119,375	115,272
4797,338	97,254	30,492	125,591	119,197	115,105
4798,336	97,136	30,826	125,349	118,917	114,817
4799,337	97,046	28,857	125,126	118,792	114,681
4800,339	96,934	27,709	124,903	118,561	114,439
4801,338	96,945	27,001	124,715	118,403	114,339
4802,338	96,777	28,736	124,516	118,180	114,163
4803,338	96,752	29,356	124,270	117,949	113,912
4804,338	96,682	29,931	124,052	117,669	113,704
4805,338	96,595	29,851	123,843	117,497	113,535
4806,337	96,540	31,366	123,660	117,320	113,300
4807,338	96,478	44,218	123,481	117,133	113,164
4808,337	96,436	32,216	123,223	116,886	112,866
4809,338	96,413	28,190	123,062	116,715	112,723
4810,338	96,303	28,233	122,833	116,476	112,465
4811,337	96,270	30,380	122,717	116,305	112,275
4812,338	96,153	37,515	122,482	116,025	112,072
4813,336	96,098	38,061	122,335	115,860	111,883
4814,337	96,043	31,349	122,155	115,629	111,693
4815,338	95,982	30,909	121,920	115,365	111,382
4816,337	95,946	34,067	121,772	115,203	111,232
4817,337	95,859	33,776	121,579	114,928	109,206
4818,337	95,756	33,347	121,384	114,674	110,688
4819,338	95,747	33,461	121,240	114,415	110,435
4820,337	95,716	30,230	121,047	114,164	89,975
4821,338	95,587	29,951	120,881	113,906	88,834
4822,338	95,537	29,959	120,750	113,709	102,783
4823,338	95,460	42,389	120,583	113,434	109,360
4824,338	95,356	37,878	120,349	113,190	109,084
4825,339	95,313	28,828	120,180	112,893	108,866
4826,337	95,278	28,849	119,961	112,645	108,594
4827,339	95,213	27,927	119,857	112,427	108,381
4828,338	95,097	28,434	119,726	112,182	107,478
4829,337	95,007	26,624	119,537	111,968	107,837
4830,338	94,960	26,176	119,348	111,623	107,406
4831,338	94,839	26,084	119,164	111,313	107,080
4832,339	94,832	26,230	119,042	111,092	105,606
4833,338	94,752	25,782	118,885	110,757	100,970
4834,337	94,769	25,555	118,753	110,431	96,517
4835,337	94,794	25,558	118,634	110,074	94,900
4836,337	94,654	25,552	118,414	109,754	94,121
4837,338	94,696	25,917	118,206	109,431	93,785
4838,337	94,528	25,404	118,179	111,159	97,154
4839,336	94,450	25,958	118,322	213,060	114,290
4840,337	94,487	26,739	118,380	132,925	127,958
4841,338	94,456	26,597	118,541	143,603	137,016
4842,337	94,242	25,495	118,512	954,679	146,442
4843,337	94,495	25,734	118,436	168,578	157,744
4844,337	94,276	25,901	118,502	178,826	167,292
4845,338	94,246	25,508	118,529	185,509	176,029
4846,338	94,298	25,529	118,531	193,830	184,311
4847,337	93,913	25,224	118,362	202,239	191,713
4848,338	94,279	25,389	118,504	210,281	201,690
4849,338	93,996	25,479	118,495	217,091	222,312
4850,337	94,184	25,513	118,562	222,863	231,779
4851,337	94,196	25,810	118,520	227,900	240,445
4852,337	94,048	25,748	118,299	232,635	226,908
4853,338	94,084	60,412	118,319	236,680	228,927
4854,337	94,315	59,322	118,369	240,379	234,245
4855,337	93,900	56,103	118,172	243,806	238,863
4856,338	93,887	56,162	118,159	246,549	258,874
4857,338	93,967	55,927	118,169	249,440	273,786
4858,339	93,885	45,124	118,195	252,218	278,328
4859,338	93,605	44,782	118,035	254,670	282,826
4860,338	93,699	44,529	117,778	257,191	287,298
4861,339	93,493	44,591	117,810	259,547	291,047
4862,337	93,598	44,508	117,993	261,871	292,673
4863,337	93,663	44,329	117,913	264,020	298,630
4864,337	93,695	44,241	117,916	266,124	311,868
4865,337	93,463	44,025	117,812	268,239	316,783
4866,337	93,458	43,738	117,561	269,946	317,724
4867,337	93,274	43,426	117,686	271,824	319,123
4868,338	93,435	43,224	117,500	273,716	329,790
4869,338	93,268	42,901	117,587	275,452	333,708
4870,338	93,365	43,206	117,565	277,107	335,738
4871,336	93,389	54,879	117,354	278,852	340,516
4872,338	93,191	57,772	117,559	280,325	340,892
4873,337	93,359	40,268	117,201	281,826	345,230
4874,337	93,119	25,629	117,389	283,353	345,757
4875,337	93,278	25,174	117,027	284,912	347,620
4876,337	93,094	25,142	117,153	286,381	349,923
4877,337	93,322	25,428	117,166	287,776	353,034
4878,337	93,175	25,058	117,039	289,639	355,303
4879,337	93,104	25,183	117,112	290,962	357,965
4880,337	93,014	25,257	117,045	292,493	360,363
4881,339	92,845	25,290	116,856	294,159	358,493
4882,338	92,884	25,358	116,732	295,413	364,751
4883,338	92,841	25,077	116,850	296,832	364,034
4884,337	92,654	25,150	116,702	297,656	367,395
4885,338	92,746	24,898	116,751	299,386	371,657
4886,338	92,676	25,215	116,721	300,500	368,483
4887,338	92,674	25,190	116,394	296,178	341,258
4888,338	92,567	26,985	116,157	291,056	339,114
4889,338	92,523	26,493	115,917	286,219	334,309
4890,338	92,437	25,358	115,762	281,571	330,205
4891,338	92,362	25,218	115,544	276,929	326,420
4892,338	92,335	25,191	115,418	272,461	322,274
4893,338	92,264	25,578	115,237	268,045	317,854
4894,338	92,218	25,566	115,033	263,860	313,996
4895,338	92,127	25,493	114,843	259,858	310,494
4896,338	92,030	25,498	114,668	255,972	307,159
4897,338	91,993	25,507	114,552	252,274	303,967
4898,338	91,910	25,435	114,442	248,811	300,839
4899,339	91,830	25,434	114,309	245,470	298,553
4900,338	91,783	25,399	114,182	242,280	293,861
4901,338	91,725	25,142	114,071	239,219	288,963
4902,337	91,638	25,221	113,946	236,234	286,310
4903,337	91,571	25,032	113,821	233,423	283,338
4904,338	91,484	24,929	113,761	230,730	280,160
4905,339	91,506	24,907	113,695	228,288	277,665
4906,339	91,403	24,765	113,565	225,767	275,161
4907,337	91,301	24,642	113,416	223,327	272,778
4908,337	91,328	24,705	113,375	221,051	270,691
4909,336	91,226	24,613	113,238	218,849	268,377
4910,338	91,220	24,699	113,200	216,832	266,325
4911,338	91,162	24,700	113,056	214,717	264,146
4912,338	91,131	24,718	113,034	212,760	262,810
4913,338	91,015	24,753	112,902	210,903	263,366
4914,339	90,958	24,693	112,777	209,035	261,838
4915,337	90,988	24,714	112,809	207,332	260,065
4916,339	90,892	24,806	112,648	205,640	258,127
4917,339	90,791	25,002	112,582	203,980	256,228
4918,338	90,740	24,910	112,512	202,328	254,347
4919,337	90,626	24,845	112,424	200,763	252,540
4920,338	90,581	24,603	112,353	199,233	250,819
4921,338	90,532	24,602	112,295	197,756	249,077
4922,339	90,436	24,571	112,224	196,311	247,371
4923,338	90,296	24,593	112,168	194,900	245,726
4924,339	90,319	24,602	112,127	193,602	244,108
4925,338	90,253	24,555	112,020	192,287	242,526
4926,339	90,116	24,538	111,944	190,924	240,948
4927,338	90,033	24,547	111,918	189,671	239,440
4928,338	89,903	24,439	111,837	188,498	237,968
4929,339	89,900	24,543	111,825	187,290	236,610
4930,338	89,810	24,518	111,819	186,105	235,101
4931,338	89,714	24,504	111,700	184,989	233,656
4932,339	89,636	24,517	111,637	183,828	232,243
4933,338	89,596	24,513	111,622	182,688	230,833
4934,338	89,557	24,517	111,580	181,676	229,559
4935,339	89,471	24,509	111,503	180,643	228,152
4936,337	89,421	24,531	111,458	179,625	226,849
4937,338	89,344	24,567	111,438	178,630	225,562
4938,339	89,299	24,521	111,357	177,621	224,219
4939,339	89,249	24,484	111,329	176,699	222,961
4940,339	89,219	24,521	111,286	175,695	221,652
4941,338	89,218	24,529	111,290	174,783	220,378
4942,339	89,143	24,487	111,188	173,897	219,164
4943,339	89,045	24,538	111,141	173,002	217,890
4944,339	88,984	24,505	111,053	172,085	216,633
4945,339	88,893	24,495	111,009	171,228	215,419
4946,338	88,916	24,634	111,016	170,394	214,296
4947,338	88,779	25,113	110,908	169,617	212,958
4948,339	88,795	25,008	110,883	168,787	211,857
4949,339	88,661	25,041	110,839	167,980	210,713
4950,339	88,595	24,979	110,754	167,206	209,532
4951,339	88,433	24,883	110,691	166,374	208,399
4952,340	88,453	25,213	110,730	165,700	207,348
4953,338	88,338	25,480	110,639	164,935	206,211
4954,339	88,212	25,107	110,578	164,120	205,073
4955,339	88,234	25,658	110,584	163,460	204,076
4956,338	88,145	25,567	110,479	162,759	202,971
4957,338	88,095	25,537	110,443	162,081	201,955
4958,338	87,987	25,474	110,350	161,348	200,856
4959,338	87,861	25,519	110,302	160,646	199,869
4960,339	87,811	25,479	110,287	160,028	198,767
4961,338	87,748	25,539	110,192	159,271	197,769
4962,340	87,711	25,494	110,129	158,643	196,754
4963,339	87,631	25,539	110,093	158,016	195,788
4964,338	87,591	25,544	110,059	157,364	194,827
4965,339	87,436	25,522	109,967	156,759	193,878
4966,340	87,341	25,423	109,905	156,106	192,979
4967,338	87,322	25,500	109,936	155,532	192,082
4968,338	87,237	25,490	109,772	154,898	191,080
4969,339	87,171	25,476	109,767	154,353	190,169
4970,338	87,102	25,462	109,780	153,754	189,272
4971,340	87,036	25,513	109,750	153,172	188,462
4972,339	86,952	25,494	109,637	152,615	187,450
4973,337	86,915	25,500	109,580	152,094	186,689
4974,338	86,787	25,446	109,549	151,510	185,771
4975,338	86,731	25,516	109,480	150,958	184,919
4976,338	86,708	25,483	109,461	150,420	184,081
4977,338	86,640	25,491	109,398	149,851	183,246
4978,339	86,574	25,470	109,315	149,336	182,403
4979,338	86,505	25,471	109,278	148,817	181,643
4980,338	86,472	25,459	109,257	148,369	180,886
4981,338	86,383	25,453	109,120	147,764	180,033
4982,338	86,346	25,473	109,099	147,304	179,251
4983,339	86,326	25,452	108,962	146,763	178,380
4984,338	86,283	25,431	108,953	146,266	177,692
4985,339	86,239	25,475	108,858	145,843	176,962
4986,339	86,174	25,537	108,758	145,301	176,133
4987,338	86,190	25,510	108,712	144,789	175,415
4988,339	86,084	25,460	108,620	144,353	174,652
4989,339	86,080	25,489	108,583	143,845	173,920
4990,339	85,990	25,441	108,490	143,433	173,254
4991,338	85,937	25,490	108,439	143,010	172,580
4992,338	85,879	25,627	108,324	142,477	171,761
4993,338	85,831	35,355	108,298	142,061	171,104
4994,339	85,756	27,125	108,203	141,587	170,372
4995,340	85,651	27,927	108,064	141,111	169,676
4996,338	85,603	28,336	108,038	140,707	169,008
4997,338	85,650	81,662	108,083	140,365	168,378
4998,338	85,613	42,432	107,921	139,911	167,687
4999,339	85,463	56,108	107,764	139,373	166,992
5000,340	85,339	38,444	107,716	138,925	166,284
5001,339	85,277	29,708	107,605	138,559	165,641
5002,340	85,245	27,525	107,585	138,139	165,038
5003,339	85,211	27,434	107,510	137,750	164,379
5004,339	85,156	27,371	107,421	137,294	163,733
5005,340	85,068	27,260	107,397	136,952	163,138
5006,339	85,012	26,115	107,312	136,539	162,479
5007,340	84,912	25,279	107,254	136,187	161,900
5008,339	84,835	25,145	107,169	135,808	161,246
5009,338	84,743	25,149	107,046	135,443	160,645
5010,339	84,697	26,046	107,051	135,055	160,036
5011,340	84,618	26,308	106,996	134,715	159,411
5012,340	84,607	75,717	106,959	134,344	158,897
5013,340	84,500	34,419	106,829	134,040	158,244
5014,340	84,440	27,297	106,790	133,884	157,630
5015,339	84,414	26,534	106,694	153,637	157,082
5016,340	84,304	26,013	106,559	224,996	156,515
5017,339	84,253	26,270	106,554	221,962	155,916
5018,339	84,235	26,502	106,503	227,164	155,402
5019,339	84,226	26,480	106,398	228,019	154,811
5020,338	84,138	26,372	106,329	227,710	154,254
5021,339	84,082	26,333	106,279	219,249	153,758
5022,340	83,925	26,319	106,093	209,704	153,122
5023,339	83,973	26,455	106,061	206,320	152,660
5024,339	83,838	26,351	106,005	204,747	152,088
5025,340	83,843	26,538	105,978	202,667	151,583
5026,340	83,687	26,579	105,836	198,571	151,033
5027,339	83,620	26,599	105,778	198,508	150,473
5028,339	83,520	26,523	105,663	197,198	149,983
5029,340	83,351	26,525	105,615	196,070	149,505
5030,340	83,257	26,428	105,505	194,437	148,968
5031,340	83,125	26,396	105,477	193,348	148,432
5032,339	83,056	26,410	105,405	192,760	147,952
5033,339	83,021	26,354	105,319	191,102	147,475
5034,340	82,978	26,312	105,256	190,275	146,948
5035,340	82,892	26,323	105,143	189,355	146,460
5036,340	82,912	26,316	105,115	189,245	145,967
5037,339	82,803	26,342	105,059	188,509	145,490
5038,339	82,757	26,337	105,018	187,593	144,979
5039,339	82,673	26,300	104,929	186,792	144,545
5040,340	82,601	26,288	104,802	186,355	144,023
5041,340	82,630	26,309	104,803	186,075	143,589
5042,340	82,607	26,303	104,683	185,917	143,124
5043,340	82,513	26,261	104,538	184,829	142,609
5044,339	82,484	26,352	104,551	184,342	142,223
5045,339	82,364	26,316	104,468	183,640	141,715
5046,340	82,350	26,298	104,349	183,691	141,316
5047,340	82,229	26,317	104,277	182,783	140,763
5048,340	82,193	26,355	104,252	182,538	140,304
5049,340	82,194	26,361	104,121	182,246	139,920
5050,339	82,111	26,408	104,058	181,634	139,447
5051,339	82,046	26,432	103,987	181,635	139,062
5052,339	81,981	26,435	103,865	181,618	138,563
5053,340	81,949	26,511	103,838	181,448	138,118
5054,339	81,846	26,551	103,734	181,698	137,752
5055,340	81,748	26,520	103,640	181,393	137,309
5056,339	81,730	26,467	103,594	181,749	136,878
5057,340	81,730	26,410	103,472	181,227	136,447
5058,340	81,627	26,381	103,409	181,170	136,070
5059,339	81,654	26,290	103,323	180,793	135,604
5060,339	81,537	26,244	103,244	180,793	135,221
5061,341	81,455	26,252	103,131	180,783	134,760
5062,339	81,394	26,212	103,075	180,817	134,409
5063,339	81,375	26,227	103,033	180,935	134,010
5064,339	81,296	26,166	102,891	180,670	133,563
5065,339	81,201	26,051	102,804	180,645	133,155
5066,339	81,203	25,996	102,799	180,473	132,843
5067,339	81,164	26,011	102,710	180,882	132,473
5068,340	81,053	25,922	102,637	180,806	132,025
5069,339	81,013	25,975	102,520	181,173	131,618
5070,340	80,969	26,070	102,399	181,087	131,235
5071,340	80,884	26,157	102,370	178,456	130,915
5072,340	80,849	25,932	102,271	176,426	130,520
5073,340	80,755	27,814	102,150	185,146	130,126
5074,339	80,709	26,681	102,093	194,993	129,770
5075,341	80,684	26,071	101,919	200,171	129,352
5076,340	80,551	25,797	101,865	215,448	129,028
5077,340	80,602	25,761	101,822	242,574	128,681
5078,340	80,499	25,648	101,736	298,874	128,293
5079,340	80,451	25,636	101,613	727,789	127,949
5080,340	80,372	25,564	101,503	1933,692	127,578
5081,339	80,421	25,699	101,514	1027,683	127,306
5082,340	80,294	25,622	101,368	1220,298	126,825
5083,340	80,318	25,588	101,301	1567,207	126,486
5084,339	80,187	25,606	101,194	1938,891	126,172
5085,340	80,186	25,593	101,098	2295,066	125,808
5086,340	80,076	25,596	100,989	2294,959	125,488
5087,339	80,139	25,632	100,961	2295,108	125,173
5088,339	80,013	25,599	100,825	2295,078	124,877
5089,341	79,942	25,574	100,764	2295,042	124,461
5090,341	79,930	25,634	100,729	2295,099	124,189
5091,341	79,823	25,563	100,575	2295,058	123,788
5092,341	79,820	25,573	100,517	1030,656	123,470
5093,341	79,731	25,587	100,419	662,157	123,134
5094,339	79,713	25,612	100,350	2049,201	122,838
5095,340	79,620	25,615	100,235	2295,038	122,483
5096,340	79,555	25,598	100,215	2295,079	122,158
5097,339	79,511	25,551	100,065	2295,084	121,858
5098,340	79,437	25,562	99,944	2295,037	121,499
5099,338	79,366	25,571	99,870	2295,065	121,237
5100,341	79,428	25,655	99,853	2295,165	121,012
5101,340	79,379	25,563	99,740	2295,096	120,595
5102,340	79,280	28,766	99,598	1835,502	120,273
5103,340	79,194	31,067	99,485	435,435	119,943
5104,339	79,175	44,530	99,447	434,185	119,661
15950,970	22,801	22,907	22,876	22,979	22,687
15951,984	22,857	22,971	22,927	23,037	22,610
15952,971	22,915	22,946	22,938	23,029	22,675
15953,972	22,894	22,964	22,947	23,028	22,628
15954,969	22,861	22,923	22,954	23,046	22,622
15955,971	22,852	22,971	22,968	23,018	22,615
15956,970	22,843	22,901	22,940	22,996	22,613
15957,972	22,852	22,917	22,927	23,062	22,622
15958,970	22,809	22,899	22,922	22,957	22,637
15959,972	22,777	22,916	22,907	22,979	22,672
15960,971	22,847	22,917	22,999	23,021	22,709
15961,971	22,797	22,935	22,929	23,031	22,742
15962,971	22,867	22,913	22,953	23,025	22,722
15963,971	22,869	22,963	22,972	23,031	22,768
15964,972	22,871	22,897	22,961	22,997	22,755
15965,971	22,796	22,900	22,927	23,023	22,673
15966,973	22,802	22,853	22,937	22,992	22,616
15967,972	22,818	22,873	22,950	23,030	22,531
15968,971	22,850	22,915	22,966	23,003	22,538
15969,971	22,779	22,920	22,911	22,974	22,579
15970,971	22,827	22,954	22,959	23,055	22,651
15971,973	22,834	22,870	22,929	23,003	22,606
15972,972	22,828	22,885	22,915	22,981	22,705
15973,972	22,829	22,911	22,902	22,988	22,726
15974,972	22,866	22,952	22,968	22,988	22,757
15975,972	22,834	22,980	22,959	23,036	22,817
15976,972	22,832	22,953	22,938	23,015	22,811
15977,971	22,820	22,911	23,007	22,978	22,757
15978,972	22,805	22,983	22,943	23,012	22,807
15979,974	22,854	22,964	22,961	23,058	22,810
15980,971	22,826	22,974	22,934	23,072	22,791
15981,972	22,817	22,937	22,939	22,997	22,811
15982,973	22,831	22,990	22,981	23,013	22,827
15983,973	22,803	22,940	22,933	23,000	22,806
15984,972	22,797	22,933	22,989	23,046	22,897
15985,971	22,828	22,897	22,925	23,019	23,006
15986,972	22,796	22,929	22,905	23,017	23,015
15987,973	29,780	30,062	22,969	23,303	22,976
15988,973	50,721	42,262	23,282	23,396	22,912
15989,973	70,420	54,742	23,552	23,659	22,745
15990,972	88,562	67,794	23,971	23,920	22,865
15991,972	104,923	80,778	24,389	24,239	22,773
15992,975	119,992	92,824	25,003	24,146	22,847
15993,973	134,415	103,742	25,424	24,419	22,876
15994,974	147,919	114,008	26,016	24,706	22,914
15995,971	159,233	123,788	26,476	24,675	23,097
15996,972	169,273	133,595	26,851	25,069	23,072
15997,972	178,199	143,134	27,355	25,247	23,175
15998,972	186,267	151,704	27,868	25,118	23,148
15999,973	194,350	159,067	28,320	25,166	23,260
16000,974	202,461	166,000	28,816	25,534	23,232
16001,972	218,859	172,605	29,127	25,454	23,164
16002,972	223,810	178,844	29,538	25,356	23,093
16003,972	224,970	184,687	30,077	25,539	23,231
16004,972	228,361	190,097	30,339	25,460	23,148
16005,973	238,655	195,042	30,711	25,561	23,116
16006,973	250,242	199,892	31,122	25,702	23,316
16007,973	256,601	204,319	31,476	25,723	23,411
16008,972	264,930	210,195	31,930	25,780	23,479
16009,974	285,436	219,949	32,248	25,887	23,222
16010,974	289,759	223,359	32,651	25,980	23,243
16011,973	292,517	226,534	32,923	26,066	23,349
16012,973	296,591	229,742	33,237	26,110	23,331
16013,973	300,296	230,701	33,652	26,216	23,167
16014,973	303,391	234,200	33,993	26,264	22,997
16015,973	306,774	237,250	34,355	26,418	23,044
16016,974	312,295	244,545	34,593	26,408	22,712
16017,974	316,372	250,223	35,036	26,640	22,741
16018,974	321,094	253,413	35,311	26,633	22,875
16019,990	322,199	255,029	35,566	26,669	23,068
16020,973	325,656	257,792	35,904	26,906	23,194
16021,973	330,384	260,181	36,190	26,924	23,202
16022,973	330,828	261,977	36,530	26,812	23,234
16023,973	335,941	262,973	36,858	26,940	23,318
16024,974	339,240	263,716	37,235	27,170	23,500
16025,973	338,958	263,807	37,533	27,175	23,668
16026,973	343,188	266,414	37,741	27,073	23,872
16027,974	346,913	267,106	38,049	27,239	24,048
16028,973	354,199	268,722	38,344	27,289	24,074
16029,973	351,309	269,912	38,699	27,422	23,975
16030,973	352,172	273,327	39,049	27,435	23,769
16031,975	356,842	276,156	39,350	27,486	23,253
16032,974	362,381	276,986	39,640	27,649	23,059
16033,974	348,142	266,046	39,939	27,545	23,010
16034,973	334,988	255,115	40,076	27,513	23,093
16035,974	332,446	250,373	40,092	27,337	23,111
16036,972	325,776	245,526	40,060	27,228	23,234
16037,975	318,813	240,576	39,987	27,110	23,427
16038,973	311,437	235,701	40,007	27,026	23,441
16039,975	302,681	230,994	39,904	26,937	23,121
16040,973	296,435	226,366	39,890	26,828	23,043
16041,974	291,130	222,010	39,825	26,793	22,874
16042,975	286,348	217,816	39,704	26,666	22,948
16043,973	281,704	213,863	39,760	26,631	23,359
16044,973	277,375	210,103	39,646	26,536	23,721
16045,974	273,564	206,402	39,602	26,449	25,047
16046,974	270,159	202,899	39,620	26,503	25,707
16047,974	265,694	199,531	39,567	26,406	25,877
16048,974	261,556	196,271	39,539	26,307	25,420
16049,974	258,260	193,221	39,524	26,313	25,245
16050,974	254,805	190,280	39,598	26,241	25,194
16051,973	251,990	187,493	39,669	26,261	25,182
16052,974	249,068	184,786	39,676	26,241	25,196
16053,973	246,072	182,196	39,736	26,138	25,000
16054,974	244,173	179,731	39,694	26,121	24,699
16055,973	243,124	177,324	39,773	26,064	24,378
16056,974	240,889	175,050	39,797	26,001	23,924
16057,973	238,255	172,910	39,856	26,020	23,736
16058,975	235,660	170,822	39,907	25,971	23,542
16059,974	233,110	168,812	39,936	25,912	23,412
16060,974	230,742	166,909	40,042	25,895	23,444
16061,974	228,429	165,045	40,188	25,914	23,326
16062,974	226,129	163,223	40,206	25,883	23,272
16063,973	223,954	161,518	40,328	25,889	23,293
16064,973	221,861	159,846	40,429	25,868	23,361
16065,974	219,730	158,207	40,475	25,835	23,488
16066,974	217,723	156,660	40,565	25,803	23,607
16067,975	215,718	155,170	40,650	25,813	23,741
16068,974	213,760	153,672	40,766	25,735	23,718
16069,975	211,895	152,261	40,848	25,775	23,705
16070,973	209,984	150,803	40,863	25,744	23,628
16071,974	208,149	149,496	41,063	25,758	23,576
16072,974	206,435	148,197	41,095	25,777	23,521
16073,975	204,586	146,944	41,191	25,741	23,480
16074,974	202,845	145,659	41,237	25,696	23,478
16075,974	201,168	144,477	41,440	25,765	23,527
16076,975	199,487	143,303	41,500	25,755	23,542
16077,973	197,838	142,157	41,661	25,712	23,543
16078,974	196,205	141,027	41,732	25,686	23,463
16079,974	194,642	139,941	41,924	25,751	23,393
16080,976	193,049	138,884	41,974	25,683	23,344
16081,975	191,518	137,887	42,097	25,710	23,317
16082,975	189,987	136,867	42,139	25,698	23,291
16083,976	188,512	135,841	42,307	25,705	23,301
16084,975	187,074	134,868	42,398	25,725	23,363
16085,974	185,585	133,972	42,487	25,722	23,370
16086,974	184,236	133,014	42,628	25,713	23,330
16087,975	182,911	132,157	42,760	25,705	23,414
16088,973	181,527	131,267	42,836	25,706	23,385
16089,975	180,166	130,426	42,968	25,746	23,399
16090,975	178,825	129,524	43,000	25,716	23,386
16091,973	177,587	128,771	43,219	25,787	23,424
16092,975	176,343	127,914	43,297	25,736	23,432
16093,975	175,060	127,166	43,412	25,792	23,356
16094,976	173,783	126,366	43,487	25,739	23,430
16095,974	172,623	125,577	43,541	25,799	23,708
16096,974	171,377	124,822	43,657	25,779	23,788
16097,974	170,243	124,134	43,761	25,848	23,927
16098,974	169,075	123,424	43,904	25,758	23,783
16099,975	167,951	122,757	44,038	25,831	23,700
16100,974	166,811	122,030	44,122	25,912	23,624
16101,974	165,637	121,289	44,168	25,861	23,435
16102,976	164,590	120,630	44,279	25,894	23,368
16103,976	163,507	119,933	44,379	25,931	23,310
16104,974	162,449	119,357	44,444	25,942	23,312
16105,974	161,379	118,739	44,596	25,959	23,297
16106,975	160,306	118,105	44,665	25,938	23,293
16107,974	159,279	117,489	44,793	25,958	23,271
16108,975	158,280	116,857	44,871	25,999	23,289
16109,975	157,282	116,327	44,957	25,998	23,347
16110,975	156,258	115,681	44,995	26,036	23,322
16111,975	155,261	115,181	45,165	26,088	23,322
16112,974	154,252	114,533	45,212	26,035	23,338
16113,975	153,274	113,982	45,268	26,082	23,354
16114,974	152,287	113,441	45,378	26,057	23,359
16115,978	151,281	112,829	45,413	26,078	23,271
16116,975	150,326	112,321	45,514	26,143	23,305
16117,976	149,411	111,843	45,623	26,152	23,250
16118,975	148,441	111,269	45,687	26,193	23,246
16119,974	147,551	110,813	45,806	26,232	23,280
16120,975	146,642	110,282	45,855	26,227	23,202
16121,974	145,680	109,742	45,935	26,252	23,147
16122,974	144,788	109,239	45,983	26,263	23,104
16123,976	143,988	108,790	46,087	26,335	23,124
16124,976	143,106	108,272	46,163	26,339	23,092
16125,976	142,220	107,824	46,201	26,357	23,113
16126,975	141,428	107,404	46,270	26,369	23,109
16127,973	140,554	106,886	46,351	26,445	23,052
16128,974	139,711	106,430	46,459	26,443	23,023
16129,975	138,854	106,008	46,486	26,430	22,884
16130,975	138,088	105,575	46,608	26,501	22,853
16131,975	137,285	105,130	46,601	26,497	22,867
16132,976	136,436	104,732	46,718	26,583	22,893
16133,974	135,614	104,269	46,720	26,536	22,856
16134,975	134,856	103,848	46,826	26,636	22,876
16135,974	134,139	103,411	46,824	26,621	22,866
16136,975	133,359	103,013	46,974	26,717	22,988
16137,976	132,543	102,557	46,885	26,640	22,934
16138,975	131,854	102,155	46,988	26,690	22,997
16139,975	131,097	101,669	47,092	26,716	22,961
16140,975	130,359	101,342	47,151	26,735	23,035
16141,975	129,672	100,926	47,138	26,801	23,009
16142,975	128,924	100,489	47,215	26,792	22,977
16143,976	128,195	100,135	47,325	26,837	23,015
16144,976	127,527	99,748	47,288	26,836	23,005
16145,975	126,873	99,398	47,390	26,897	23,017
16146,976	126,197	99,028	47,444	26,897	23,005
16147,975	125,464	98,609	47,535	26,943	23,061
16148,975	124,836	98,246	47,761	27,034	23,243
16149,975	124,185	97,917	47,859	27,114	23,286
16150,974	123,534	97,531	47,855	27,152	23,342
16151,976	122,877	97,242	47,942	27,204	23,365
16152,975	122,221	96,901	47,967	27,222	23,404
16153,976	121,568	96,528	48,003	27,193	23,247
16154,975	120,963	96,256	48,146	27,245	23,442
16155,976	120,411	95,955	48,329	27,308	23,305
16156,975	119,811	95,648	48,391	27,350	23,242
16157,975	119,273	95,456	48,471	27,455	23,337
16158,974	118,636	95,133	48,476	27,395	23,287
16159,976	118,083	94,905	48,497	27,439	23,224
16160,975	117,554	94,730	48,582	27,502	23,096
16161,976	116,957	94,408	48,549	27,542	22,902
16162,976	116,524	94,208	48,624	27,558	22,772
16163,976	115,989	93,987	48,643	27,512	22,581
16164,974	115,476	93,774	48,699	27,632	22,629
16165,976	115,102	93,557	48,779	27,665	22,616
16166,976	114,694	93,363	48,798	27,641	22,536
16167,975	114,283	93,141	48,850	27,712	22,531
16168,976	113,894	92,980	48,972	27,755	22,616
16169,976	113,385	92,679	48,917	27,747	22,528
16170,976	113,027	92,507	49,005	27,798	22,835
16171,976	112,638	92,282	48,953	27,904	22,998
16172,976	112,241	92,087	48,875	27,880	22,920
16173,976	111,878	91,891	48,971	27,926	22,978
16174,975	111,570	91,715	48,995	27,948	23,077
16175,976	111,228	91,500	49,068	27,961	23,003
16176,976	110,750	91,227	48,956	27,964	22,985
16177,975	110,462	91,038	49,131	28,067	23,080
16178,976	110,103	90,794	49,038	27,991	22,978
16179,977	109,756	90,593	48,990	28,046	22,986
16180,976	109,432	90,389	49,009	28,094	22,978
16181,976	109,133	90,102	49,034	28,096	22,914
16182,976	108,818	89,865	49,002	28,119	22,769
16183,975	108,476	89,585	49,024	28,176	22,776
16184,976	108,149	89,282	49,015	28,156	22,751
16185,974	108,219	112,449	50,425	28,320	22,741
16186,975	107,979	124,960	56,927	28,685	22,643
16187,977	107,827	131,540	66,247	29,308	22,555
16188,976	107,676	140,554	76,626	29,991	22,660
16189,975	107,797	150,159	87,348	30,605	22,778
16190,976	107,607	159,179	97,899	31,433	22,753
16191,976	107,588	167,619	108,104	31,996	22,830
16192,978	107,609	174,822	118,151	32,845	22,902
16193,975	107,309	180,571	127,633	33,238	22,842
16194,975	107,389	188,651	137,486	33,778	22,908
16195,976	107,314	196,421	147,402	34,337	22,911
16196,977	107,151	202,136	155,966	34,949	22,951
16197,977	106,847	210,952	163,739	35,321	22,973
16198,976	106,909	215,757	171,217	35,808	22,902
16199,976	106,722	220,794	178,454	36,360	22,945
16200,974	106,918	226,727	185,321	36,851	22,914
16201,977	106,619	231,879	191,773	37,308	22,724
16202,977	106,476	237,745	198,263	37,829	22,754
16203,977	106,251	241,186	204,986	38,171	22,740
16204,975	106,128	246,426	210,649	38,747	22,966
16205,976	105,931	252,537	215,551	39,143	22,830
16206,976	106,051	256,265	219,969	39,624	22,776
16207,975	105,952	260,487	224,273	40,162	22,920
16208,975	105,874	263,947	228,474	40,660	22,881
16209,976	105,718	265,978	232,316	41,049	22,859
16210,976	105,930	269,882	236,088	41,675	22,874
16211,976	105,900	273,096	239,319	42,022	22,850
16212,977	105,599	276,320	242,411	42,425	22,953
16213,977	105,293	271,821	259,969	42,874	23,282
16214,977	105,574	274,911	275,942	43,434	23,411
16215,976	105,573	275,141	277,320	43,890	23,215
16216,976	105,665	276,206	277,189	44,315	23,147
16217,975	105,571	276,464	271,442	44,772	22,942
16218,977	105,638	283,279	272,849	45,383	22,883
16219,977	105,532	286,767	278,063	45,741	22,921
16220,976	105,569	285,787	276,107	46,231	22,933
16221,977	105,651	287,291	285,068	46,812	23,033
16222,977	105,718	288,668	284,233	47,233	22,979
16223,975	105,793	285,502	285,967	47,781	23,037
16224,977	105,925	293,623	287,243	48,369	23,120
16225,977	105,935	291,711	283,802	48,915	23,283
16226,976	105,992	296,248	290,545	49,373	23,241
16227,977	106,223	297,231	292,532	49,760	23,458
16228,976	106,240	298,908	292,812	50,407	23,696
16229,977	106,477	301,587	298,998	50,954	23,852
16230,976	106,579	297,977	305,793	51,316	24,017
16231,977	106,687	303,377	307,833	51,846	24,151
16232,977	106,788	299,991	307,494	52,423	24,013
16233,978	106,994	298,170	303,025	52,930	23,783
16234,977	107,250	305,114	308,914	53,382	23,838
16235,977	107,398	303,007	307,442	53,968	23,858
16236,976	107,485	307,353	314,581	54,564	23,819
16237,976	107,714	307,662	310,743	55,134	23,993
16238,976	107,970	312,182	320,041	55,673	24,066
16239,976	108,205	310,092	314,160	56,176	24,052
16240,977	108,319	312,390	320,261	56,609	23,861
16241,977	108,594	314,239	322,013	57,289	23,815
16242,978	108,782	316,047	320,297	57,711	23,934
16243,977	108,971	315,220	318,172	58,261	24,210
16244,978	109,285	313,206	320,933	58,779	24,468
16245,977	109,428	316,894	329,287	59,282	24,672
16246,976	109,721	318,037	325,046	59,877	24,749
16247,976	110,001	319,841	326,544	60,395	24,686
16248,977	110,360	321,551	325,076	61,015	24,507
16249,977	110,448	321,150	334,178	61,300	24,322
16250,977	110,933	323,823	327,667	62,067	24,313
16251,976	111,134	325,037	326,339	62,431	24,217
16252,977	111,375	324,337	332,831	62,869	24,838
16253,977	111,666	324,409	332,170	63,356	25,045
16254,977	111,973	328,647	338,448	63,946	25,258
16255,977	112,322	326,963	338,152	64,468	25,202
16256,976	112,756	328,644	334,387	65,039	25,184
16257,977	112,855	327,530	339,267	65,653	25,141
16258,977	113,295	328,242	343,680	66,241	25,103
16259,978	113,850	329,596	344,435	66,758	25,047
16260,977	114,126	329,261	339,969	67,391	24,964
16261,976	114,205	333,946	341,408	67,781	25,020
16262,978	114,631	335,311	340,645	68,413	25,044
16263,976	115,005	331,920	349,552	68,958	25,100
16264,976	115,514	333,563	346,656	69,522	25,178
16265,977	115,758	332,858	340,747	69,995	25,208
16266,977	115,966	337,609	345,147	70,688	25,257
16267,979	116,659	342,891	350,311	71,159	25,404
16268,977	116,683	335,508	341,407	71,693	25,462
16269,976	117,154	339,098	350,550	72,261	25,397
16270,976	117,494	339,850	351,001	72,560	24,552
16271,976	117,850	338,942	354,362	73,094	24,390
16272,976	118,085	339,069	348,388	73,720	24,280
16273,977	118,699	337,601	350,715	74,125	24,223
16274,976	119,017	345,579	349,157	74,721	24,272
16275,977	119,240	343,755	348,397	75,325	24,264
16276,978	119,702	343,817	356,174	75,855	24,162
16277,977	120,172	346,218	351,063	76,489	24,232
16278,978	120,706	345,521	352,306	77,064	24,206
16279,978	121,016	346,224	353,818	77,574	24,106
16280,978	121,469	348,038	356,752	78,122	24,121
16281,978	121,879	345,106	354,119	78,659	24,200
16282,978	122,243	349,675	358,425	79,258	24,166
16283,977	122,781	346,862	351,826	79,798	24,235
16284,978	123,164	342,341	357,977	80,336	24,175
16285,977	123,753	346,627	355,433	80,922	24,275
16286,978	123,764	353,401	365,615	81,446	24,247
16287,978	124,266	342,096	351,384	81,966	24,242
16288,978	124,565	326,812	339,762	82,396	24,410
16289,977	124,893	324,077	336,657	82,680	24,476
16290,978	125,176	320,813	333,476	82,796	24,526
16291,977	125,437	317,196	329,987	82,861	24,490
16292,977	125,699	313,499	326,172	82,982	24,557
16293,978	125,855	309,705	322,229	83,063	24,595
16294,978	126,005	305,898	318,235	83,049	24,515
16295,978	126,275	302,252	314,443	83,096	24,467
16296,978	126,599	298,658	310,704	83,105	24,512
16297,978	126,796	295,112	306,911	83,090	24,505
16298,977	127,012	291,633	303,169	83,079	24,569
16299,978	127,344	288,338	299,526	83,174	24,597
16300,977	127,549	285,108	296,001	83,168	24,590
16301,978	127,706	281,912	292,495	83,107	24,544
16302,978	127,940	278,815	289,152	83,147	24,624
16303,978	128,165	275,966	285,881	83,178	24,741
16304,978	128,393	273,102	282,631	83,150	24,765
16305,978	128,642	270,428	279,498	83,142	24,749
16306,977	128,909	267,718	276,440	83,107	24,822
16307,977	129,149	265,084	273,465	83,078	24,937
16308,976	129,334	262,589	270,543	83,082	25,063
16309,977	129,555	260,107	267,715	82,980	25,194
16310,976	129,719	257,781	265,008	83,005	25,295
16311,978	129,970	255,488	262,328	82,899	25,186
16312,978	130,046	253,220	259,732	82,928	25,278
16313,978	130,182	251,065	257,136	82,856	25,487
16314,977	130,424	248,916	254,628	82,814	25,902
16315,978	130,648	246,992	252,275	82,871	26,082
16316,977	130,820	244,984	249,886	82,808	26,359
16317,977	131,016	243,115	247,635	82,777	26,592
16318,980	131,110	241,188	245,355	82,677	26,490
16319,978	131,385	239,414	243,226	82,724	26,470
16320,977	131,565	237,673	241,061	82,676	26,419
16321,978	131,743	236,028	239,072	82,711	26,597
16322,978	131,878	234,277	237,057	82,726	26,536
16323,978	132,034	232,729	235,196	82,746	26,487
16324,979	132,178	231,073	233,279	82,694	26,671
16325,978	132,319	229,515	231,442	82,648	26,655
16326,979	132,488	228,073	229,711	82,697	26,632
16327,979	132,565	226,561	227,937	82,706	26,482
16328,977	132,723	225,167	226,246	82,686	26,435
16329,978	132,788	223,734	224,617	82,732	26,450
16330,979	133,018	222,385	223,039	82,700	26,515
16331,977	133,094	221,005	221,458	82,713	26,524
16332,976	133,166	219,730	219,927	82,726	26,579
16333,978	133,261	218,339	218,376	82,733	26,584
16334,976	133,411	217,082	216,865	82,721	26,552
16335,977	133,529	215,884	215,454	82,734	26,563
16336,976	133,535	214,610	214,037	82,767	26,536
16337,979	133,657	213,508	212,653	82,768	26,593
16338,978	133,816	212,320	211,305	82,813	26,666
16339,979	133,922	211,175	209,946	82,828	26,765
16340,978	134,051	210,081	208,620	82,841	26,776
16341,978	134,108	208,923	207,300	82,834	26,782
16342,979	134,194	207,826	206,132	82,885	26,850
16343,978	134,276	206,743	204,805	82,926	26,812
16344,978	134,317	205,652	203,503	82,886	26,709
16345,979	134,401	204,655	202,378	82,892	26,660
16346,978	134,399	203,664	201,214	82,953	26,746
16347,978	134,449	202,604	200,022	82,917	26,833
16348,977	134,532	201,615	198,884	82,962	26,848
16349,978	134,639	200,647	197,775	82,935	26,898
16350,977	134,722	199,732	196,664	82,936	26,838
16351,978	134,820	198,785	195,563	83,010	26,899
16352,978	134,808	197,828	194,526	83,025	26,874
16353,977	134,842	196,925	193,452	83,041	26,792
16354,978	134,899	195,983	192,362	83,018	26,671
16355,978	134,948	195,148	191,439	83,054	26,639
16356,979	135,014	194,217	190,431	83,140	26,654
16357,978	135,054	193,306	189,446	83,082	26,719
16358,979	135,085	192,469	188,481	83,138	26,834
16359,978	135,162	191,637	187,466	83,131	26,918
16360,978	135,151	190,789	186,520	83,153	27,092
16361,978	135,234	189,978	185,610	83,172	27,169
16362,978	135,317	189,135	184,669	83,226	27,233
16363,978	135,298	188,293	183,719	83,206	27,257
16364,977	135,295	187,540	182,845	83,292	27,353
16365,979	135,354	186,750	182,029	83,280	27,398
16366,979	135,409	185,960	181,129	83,278	27,384
16367,979	135,419	185,201	180,243	83,276	27,367
16368,977	135,423	184,528	179,455	83,254	27,355
16369,979	135,440	183,774	178,655	83,315	27,377
16370,978	135,455	183,001	177,862	83,326	27,486
16371,978	135,443	182,271	176,958	83,292	27,464
16372,978	135,422	181,521	176,182	83,291	27,473
16373,978	135,416	180,778	175,370	83,256	27,436
16374,978	135,477	180,144	174,628	83,320	27,509
16375,978	135,466	179,336	173,828	83,305	27,483
16376,979	135,508	178,698	173,048	83,311	27,588
16377,978	135,520	177,999	172,339	83,345	27,620
16378,979	135,546	177,328	171,620	83,404	27,704
16379,978	135,514	176,558	170,841	83,333	27,668
16380,979	135,522	175,894	170,081	83,337	27,698
16381,979	135,429	175,285	169,338	83,329	27,669
16382,978	135,456	174,647	168,716	83,388	27,694
16383,977	135,512	174,062	168,053	83,486	27,794
16384,978	135,465	173,358	167,274	83,429	27,769
16385,979	135,529	172,757	166,614	83,500	27,640
16386,978	135,401	172,078	165,887	83,356	27,490
16387,978	135,346	171,461	165,167	83,417	27,469
16388,977	135,300	170,902	164,575	83,462	27,435
16389,978	135,302	170,268	163,934	83,456	27,344
16390,979	135,309	169,649	163,230	83,516	27,382
16391,977	135,259	169,077	162,543	83,469	27,489
16392,978	135,216	168,408	161,838	83,473	27,509
16393,978	135,190	167,902	161,272	83,525	27,595
16394,979	135,204	167,270	160,651	83,484	27,549
16395,977	135,155	166,689	160,024	83,523	27,642
16396,979	135,071	166,083	159,351	83,503	27,639
16397,979	135,047	165,566	158,785	83,535	27,739
16398,979	134,999	164,983	158,168	83,519	27,840
16399,979	134,905	164,441	157,547	83,502	27,869
16400,979	134,824	163,871	156,941	83,481	27,903
16401,978	134,817	163,365	156,386	83,498	27,984
16402,979	134,706	162,764	155,758	83,473	27,944
16403,979	134,688	162,317	155,228	83,543	28,071
16404,979	134,675	161,687	154,637	83,502	27,966
16405,978	134,619	161,218	154,088	83,537	28,010
16406,979	134,596	160,658	153,475	83,503	27,987
16407,979	134,572	160,135	152,939	83,538	27,931
16408,979	134,492	159,602	152,384	83,530	27,976
16409,979	134,390	159,058	151,804	83,481	27,951
16410,979	134,361	158,594	151,287	83,483	27,930
16411,978	134,316	158,070	150,723	83,524	27,999
16412,979	134,238	157,571	150,171	83,485	27,990
16413,978	134,063	157,019	149,656	83,482	28,036
16414,979	134,052	156,570	149,199	83,519	28,150
16415,979	134,015	156,062	148,591	83,490	28,266
16416,979	133,883	155,540	147,991	83,419	28,286
16417,979	133,785	155,123	147,546	83,495	28,331
16418,979	133,780	154,653	147,063	83,491	28,388
16419,978	133,644	154,148	146,523	83,476	28,369
16420,978	133,518	153,676	145,987	83,465	28,345
16421,978	133,442	153,158	145,516	83,408	28,391
16422,980	133,337	152,713	144,987	83,448	28,380
16423,978	133,192	152,294	144,570	83,400	28,468
16424,980	133,100	151,769	144,031	83,381	28,459
16425,979	133,050	151,335	143,510	83,350	28,454
16426,978	132,913	150,925	143,058	83,354	28,462
16427,979	132,877	150,510	142,637	83,382	28,520
16428,978	132,771	150,058	142,155	83,349	28,561
16429,978	132,693	149,596	141,651	83,287	28,577
16430,980	132,508	149,116	141,132	83,223	28,573
16431,980	132,429	148,738	140,731	83,254	28,624
16432,978	132,319	148,230	140,246	83,209	28,580
16433,979	132,206	147,813	139,768	83,208	28,611
16434,979	132,126	147,432	139,415	83,202	28,531
16435,979	132,014	146,891	138,885	83,134	28,422
16436,979	131,901	146,512	138,374	83,072	28,475
16437,979	131,818	146,169	138,080	83,141	28,569
16438,979	131,641	145,740	137,568	83,070	28,510
16439,979	131,532	145,298	137,161	83,050	28,458
16440,978	131,411	144,849	136,709	83,042	28,534
16441,979	131,299	144,444	136,209	82,958	28,621
16442,978	131,299	144,097	135,915	83,039	28,677
16443,979	131,156	143,609	135,442	83,044	28,642
16444,978	131,076	143,162	134,933	83,010	28,627
16445,979	131,022	142,801	134,575	83,006	28,735
16446,979	130,863	142,394	134,145	82,935	28,693
16447,979	130,761	141,992	133,806	83,010	28,729
16448,978	130,580	141,565	133,363	82,935	28,762
16449,979	130,469	141,156	132,923	82,939	28,807
16450,977	130,363	140,809	132,525	82,883	28,853
16451,979	130,204	140,467	132,219	82,928	28,945
16452,978	130,051	140,000	131,775	82,869	28,887
16453,979	129,907	139,609	131,355	82,802	28,880
16454,979	129,822	139,238	130,993	82,833	28,931
16455,979	129,659	138,932	130,606	82,784	28,989
16456,979	129,525	138,513	130,190	82,760	28,966
16457,980	129,398	138,121	129,848	82,747	29,002
16458,980	129,296	137,776	129,466	82,671	28,947
16459,980	129,108	137,373	129,057	82,643	28,980
16460,980	129,107	137,099	128,724	82,720	29,075
16461,979	128,913	136,697	128,396	82,703	29,119
16462,980	128,841	136,355	128,045	82,700	29,063
16463,978	128,638	135,961	127,685	82,577	29,050
16464,979	128,525	135,610	127,254	82,557	29,025
16465,980	128,272	135,200	126,839	82,497	29,037
16466,980	128,127	134,925	126,546	82,487	29,152
16467,980	128,067	134,558	126,247	82,518	29,203
16468,979	127,879	134,188	125,770	82,355	29,204
16469,978	127,711	133,786	125,479	82,393	29,228
16470,981	127,629	133,487	125,156	82,382	29,281
16471,980	127,442	133,097	124,716	82,362	29,253
16472,978	127,301	132,720	124,411	82,267	29,264
16473,979	127,176	132,454	124,102	82,278	29,278
16474,980	127,042	132,109	123,835	82,260	29,286
16475,979	126,874	131,716	123,420	82,254	29,279
16476,980	126,782	131,384	123,121	82,160	29,206
16477,979	126,657	131,082	122,789	82,128	29,199
16478,979	126,437	130,753	122,435	82,096	29,108
16479,979	126,325	130,432	122,154	82,145	28,939
16480,979	126,009	130,060	121,711	81,963	28,701
16481,979	125,877	129,760	121,410	82,033	28,655
16482,979	125,756	129,510	121,166	82,025	28,715
16483,980	125,544	129,153	120,793	81,982	28,692
16484,979	125,418	128,848	120,553	81,954	28,695
16485,979	125,241	128,496	120,197	81,910	28,631
16486,980	125,120	128,243	119,921	81,919	28,692
16487,979	124,979	127,916	119,612	81,902	28,652
16488,980	124,857	127,611	119,284	81,823	28,708
16489,980	124,648	127,312	118,998	81,790	28,722
16490,980	124,412	126,963	118,645	81,715	28,736
16491,978	124,308	126,646	118,327	81,707	28,782
16492,979	124,123	126,405	118,034	81,705	29,352
16493,979	123,947	126,138	117,744	81,661	29,550
16494,980	123,858	125,848	117,465	81,635	29,723
16495,980	123,695	125,577	117,180	81,607	29,835
16496,979	123,555	125,252	116,836	81,571	30,017
16497,979	123,461	125,011	116,611	81,580	30,256
16498,980	123,204	124,673	116,303	81,569	30,214
16499,979	123,031	124,351	115,990	81,488	30,181
16500,979	122,777	124,061	115,650	81,461	31,032
16501,978	122,646	123,758	115,365	81,475	31,254
16502,981	122,486	123,544	115,075	81,344	31,278
16503,981	122,217	123,170	114,721	81,267	31,384
16504,980	122,055	122,972	114,492	81,272	31,591
16505,979	121,871	122,712	114,179	81,187	32,139
16506,981	121,701	122,512	113,953	81,240	32,194
16507,979	121,406	122,274	113,613	81,162	32,900
16508,981	121,078	122,061	113,380	81,144	33,466
16509,979	120,811	121,851	113,163	81,101	32,073
16510,981	120,558	121,686	112,898	81,123	31,328
16511,980	120,428	121,373	112,664	81,045	31,015
16512,980	120,332	121,279	112,483	81,058	30,957
16513,979	120,092	121,131	112,191	80,977	30,928
16514,980	119,939	120,943	111,986	80,922	30,928
16515,979	119,827	120,757	111,788	80,917	31,026
16516,980	119,635	120,578	111,555	80,845	31,234
16517,981	119,515	120,388	111,354	80,861	31,378
16518,981	119,317	120,280	111,165	80,785	31,739
16519,980	119,124	120,100	110,976	80,789	31,523
16520,981	118,970	119,975	110,838	80,722	31,456
16521,981	118,804	119,811	110,580	80,604	31,422
16522,980	118,592	119,658	110,396	80,589	31,322
16523,979	118,410	119,501	110,248	80,596	31,227
16524,981	118,283	119,378	110,085	80,541	31,242
16525,981	118,117	119,156	109,865	80,424	34,854
16526,980	118,030	119,032	109,723	80,413	32,743
16527,981	117,963	118,942	109,567	80,401	32,721
16528,982	117,733	118,796	109,408	80,331	33,030
16529,980	117,640	118,687	109,283	80,329	32,972
16530,980	117,458	118,495	109,097	80,278	32,718
16531,982	117,260	118,392	108,917	80,213	32,591
16532,980	117,038	118,258	108,799	80,199	32,634
16533,981	116,848	118,105	108,611	80,148	32,337
16534,979	116,675	118,044	108,472	80,119	32,420
16535,981	116,475	117,889	108,303	80,079	32,021
16536,982	116,291	117,810	108,196	80,010	32,729
16537,980	116,060	117,649	107,976	80,014	33,227
16538,980	115,851	117,598	107,933	79,981	32,546
16539,980	115,669	117,466	107,778	79,938	32,479
16540,982	115,489	117,381	107,569	79,858	32,409
16541,982	115,329	117,199	107,392	79,740	32,292
16542,982	115,195	117,190	107,223	79,656	32,217
16543,980	115,046	117,028	107,057	79,611	32,211
16544,981	114,992	117,066	122,837	82,270	32,414
16545,981	115,029	117,499	132,481	88,600	32,676
16546,981	114,781	117,734	142,241	96,372	33,030
16547,982	114,845	118,120	152,983	105,243	33,291
16548,981	114,580	118,300	162,916	114,364	33,345
16549,980	114,300	118,659	171,198	123,322	33,285
16550,980	114,349	118,955	181,475	132,105	33,488
16551,981	114,290	119,150	189,867	140,494	33,593
16552,980	114,092	119,507	199,645	148,724	33,647
16553,981	113,970	119,937	204,847	156,549	33,550
16554,982	114,030	119,902	212,928	164,781	33,591
16555,981	113,610	119,966	224,876	172,652	33,596
16556,981	113,629	120,162	234,562	180,310	33,584
16557,980	113,342	120,225	243,884	187,616	33,685
16558,982	113,265	120,561	251,256	195,050	33,841
16559,980	113,323	120,583	256,189	201,662	33,888
16560,982	112,957	120,655	259,199	207,951	33,903
16561,982	113,127	120,784	263,757	214,217	34,054
16562,980	113,197	121,084	268,913	219,816	33,978
16563,982	112,710	121,196	273,658	224,255	34,010
16564,981	112,665	121,055	275,456	228,284	33,885
16565,982	112,781	121,526	289,041	242,961	33,913
16566,982	112,327	121,453	301,734	260,692	33,864
16567,981	112,291	121,493	306,079	267,328	33,783
16568,980	112,076	122,533	307,701	261,693	34,004
16569,982	111,822	122,585	315,760	265,959	34,049
16570,981	111,787	122,151	315,954	273,422	34,124
16571,980	111,880	122,494	315,917	269,622	34,367
16572,982	111,566	123,599	322,715	273,414	34,493
16573,982	111,520	123,820	324,263	277,962	34,584
16574,982	111,207	123,419	323,805	281,136	34,729
16575,982	111,160	124,487	325,709	277,122	34,999
16576,982	110,943	126,140	334,933	287,421	35,011
16577,981	110,817	128,951	335,910	285,652	35,089
16578,981	110,618	128,763	335,705	285,835	35,139
16579,982	110,663	126,812	338,020	293,049	35,317
16580,982	110,411	126,680	338,473	295,947	35,408
16581,983	110,496	127,793	339,072	300,262	35,562
16582,982	109,999	130,333	342,433	298,686	35,664
16583,982	110,099	130,840	347,060	303,200	35,763
16584,980	109,943	130,666	349,867	304,445	35,635
16585,982	109,632	130,786	347,439	306,337	35,866
16586,982	109,612	128,178	345,873	305,009	35,986
16587,982	109,499	129,429	348,530	308,810	36,326
16588,982	109,425	132,253	353,073	316,220	36,636
16589,982	109,164	133,726	356,329	315,972	36,808
16590,981	108,960	131,151	355,477	318,736	36,965
16591,982	108,822	129,325	353,093	317,908	37,303
16592,983	108,780	131,559	356,482	319,033	37,593
16593,983	108,810	133,945	361,822	321,011	37,812
16594,982	108,617	134,135	365,969	322,035	38,171
16595,983	108,630	130,470	351,657	316,456	38,490
16596,981	108,429	124,949	334,834	304,907	38,521
16597,983	108,290	124,697	331,452	301,457	37,989
16598,983	108,190	124,531	327,453	297,868	37,554
16599,982	108,070	124,292	322,994	293,953	38,663
16600,982	107,878	124,057	318,232	289,902	39,823
16601,982	107,697	123,829	313,287	285,684	39,705
16602,983	107,520	123,682	308,443	281,493	39,675
16603,982	107,362	123,520	303,655	277,226	40,222
16604,982	107,276	123,328	298,841	273,052	41,377
16605,981	107,142	123,163	294,292	268,995	42,788
16606,982	106,976	122,977	289,900	264,899	41,635
16607,983	106,907	122,866	285,619	261,047	40,832
16608,983	106,727	122,722	281,467	257,204	40,993
16609,982	106,632	122,520	277,377	253,390	41,074
16610,982	106,490	122,381	273,503	249,753	41,125
16611,982	106,419	122,352	269,803	246,293	41,298
16612,982	106,240	122,226	266,164	242,833	41,711
16613,983	106,139	122,126	262,690	239,469	42,060
16614,982	105,998	122,039	259,220	236,251	42,002
16615,982	105,811	121,862	255,992	233,067	41,936
16616,983	105,693	121,794	252,855	230,056	41,861
16617,983	105,597	121,761	249,832	227,139	41,840
16618,983	105,500	121,703	246,873	224,398	41,780
16619,983	105,430	121,672	244,061	221,699	41,865
16620,982	105,299	121,501	241,329	219,035	41,814
16621,982	105,121	121,390	238,651	216,491	41,847
16622,983	105,037	121,427	236,146	214,130	41,846
16623,983	104,876	121,314	233,694	211,738	41,864
16624,982	104,689	121,246	231,313	209,504	41,909
16625,982	104,626	121,270	229,096	207,378	42,097
16626,983	104,569	121,168	226,880	205,227	42,096
16627,983	104,460	121,109	224,730	203,178	42,030
16628,982	104,315	121,127	222,753	201,213	42,173
16629,983	104,182	121,019	220,665	199,299	42,269
16630,984	104,165	121,038	218,760	197,469	42,468
16631,984	104,043	120,962	216,852	195,703	42,618
16632,982	103,977	120,932	215,091	193,937	42,652
16633,983	103,782	120,851	213,235	192,290	42,684
16634,983	103,727	120,872	211,559	190,686	42,738
16635,983	103,598	120,863	209,919	189,155	42,761
16636,984	103,418	120,729	208,222	187,558	42,739
16637,981	103,336	120,714	206,661	186,064	42,798
16638,983	103,214	120,693	205,070	184,563	42,927
16639,982	103,070	120,613	203,600	183,199	42,778
16640,983	103,014	120,590	202,103	181,853	42,608
16641,984	102,878	120,613	200,666	180,553	42,528
16642,983	102,726	120,543	199,208	179,171	42,451
16643,983	102,688	120,513	197,851	178,029	42,474
16644,983	102,549	120,462	196,523	176,777	42,441
16645,984	102,483	120,450	195,207	175,552	42,382
16646,983	102,348	120,413	193,911	174,396	42,396
16647,982	102,278	120,374	192,644	173,282	42,410
16648,984	102,172	120,332	191,458	172,177	42,360
16649,983	102,017	120,364	190,198	171,052	42,462
16650,984	101,907	120,321	189,019	170,054	42,626
16651,984	101,825	120,277	187,871	169,002	42,700
16652,983	101,706	120,259	186,753	167,978	42,781
16653,984	101,633	120,205	185,634	166,977	42,795
16654,983	101,571	120,168	184,657	166,031	42,848
16655,983	101,491	120,104	183,492	165,066	42,791
16656,983	101,372	120,051	182,490	164,131	42,707
16657,984	101,314	119,992	181,434	163,246	42,576
16658,983	101,219	120,015	180,460	162,285	42,575
16659,984	101,147	119,920	179,448	161,458	42,508
16660,985	100,988	119,892	178,492	160,558	42,517
16661,983	100,918	119,857	177,571	159,748	42,652
16662,984	100,797	119,779	176,638	158,887	42,664
16663,984	100,741	119,799	175,743	158,092	42,717
16664,984	100,638	119,679	174,738	157,264	42,655
16665,984	100,574	119,671	173,927	156,515	42,627
16666,984	100,477	119,593	173,005	155,697	42,585
16667,985	100,440	119,595	172,199	155,061	42,669
16668,984	100,249	119,547	171,410	154,259	42,706
16669,984	100,178	119,465	170,496	153,501	42,787
16670,983	100,123	119,451	169,711	152,828	42,763
16671,984	100,007	119,400	168,892	152,153	42,817
16672,983	99,969	119,354	168,137	151,478	42,801
16673,984	99,922	119,355	167,404	150,855	42,821
16674,983	99,823	119,227	166,598	150,117	42,732
16675,985	99,732	119,173	165,838	149,438	42,776
16676,984	99,612	119,105	165,060	148,775	42,761
16677,985	99,567	119,049	164,309	148,172	42,887
16678,983	99,452	118,946	163,612	147,470	42,863
16679,984	99,324	118,912	162,900	146,905	42,861
16680,984	99,332	118,869	162,190	146,264	42,894
16681,985	99,246	118,826	161,512	145,726	42,940
16682,984	99,162	118,790	160,813	145,096	42,915
16683,985	99,106	118,716	160,151	144,544	42,943
16684,984	98,986	118,590	159,452	143,945	42,942
16685,985	98,934	118,537	158,789	143,336	42,913
16686,985	98,829	118,471	158,167	142,832	42,872
16687,985	98,785	118,410	157,474	142,288	42,713
16688,984	98,649	118,293	156,954	141,740	42,732
16689,984	98,630	118,338	156,311	141,199	42,688
16690,983	98,552	118,215	155,663	140,635	42,567
16691,984	98,383	118,145	155,064	140,135	42,525
16692,984	98,355	118,119	154,437	139,635	42,472
16693,984	98,257	118,031	153,848	139,086	42,558
16694,984	98,177	117,926	153,280	138,619	42,599
16695,987	98,085	117,921	152,686	138,080	42,631
16696,985	98,023	117,781	152,072	137,596	42,691
16697,985	98,024	117,734	151,527	137,129	42,666
16698,985	98,011	117,632	150,916	136,658	42,712
16699,985	97,902	117,543	150,288	136,114	42,706
16700,985	97,813	117,480	149,732	135,688	42,877
16701,984	97,804	117,449	149,233	135,268	42,917
16702,985	97,709	117,409	148,701	134,835	42,966
16703,985	97,671	117,240	148,121	134,375	42,952
16704,984	97,561	117,160	147,618	133,962	42,940
16705,983	97,511	117,112	147,140	133,544	42,910
16706,985	97,492	116,992	146,571	133,094	42,919
16707,984	97,392	116,989	146,109	132,669	42,911
16708,986	97,307	116,831	145,580	132,211	42,896
16709,985	97,232	116,766	145,072	131,794	42,942
16710,986	97,176	116,619	144,535	131,401	42,867
16711,984	97,210	116,565	144,110	130,984	42,814
16712,984	97,094	116,449	143,602	130,556	42,753
16713,985	97,023	116,368	143,117	130,187	42,742
16714,985	96,949	116,295	142,697	129,760	42,730
16715,985	96,854	116,163	142,161	129,312	42,705
16716,986	96,809	116,088	141,664	128,961	42,752
16717,986	96,803	115,961	141,188	128,608	42,719
16718,984	96,683	115,848	140,701	128,165	42,698
16719,985	96,622	115,781	140,291	127,854	42,680
16720,985	96,586	115,736	139,885	127,479	42,751
16721,986	96,553	115,634	139,449	127,105	42,789
16722,985	96,510	115,536	138,996	126,752	42,864
16723,985	96,409	115,387	138,538	126,339	42,802
16724,985	96,329	115,302	138,058	125,971	42,888
16725,985	96,309	115,219	137,709	125,660	42,931
16726,986	96,210	115,092	137,222	125,325	42,851
16727,984	96,094	115,006	136,790	124,956	42,760
16728,985	96,068	114,909	136,391	124,609	42,685
16729,985	96,049	114,857	136,025	124,357	42,739
16730,985	95,956	114,734	135,626	123,978	42,766
16731,985	95,871	114,646	135,180	123,645	42,797
16732,985	95,839	114,519	134,776	123,365	42,810
16733,986	95,749	114,435	134,382	122,977	42,822
16734,986	95,711	114,297	134,002	122,682	42,758
16735,985	95,608	114,198	133,576	122,352	42,739
16736,985	95,519	114,065	133,199	121,993	42,648
16737,985	95,465	113,967	132,809	121,714	42,648
16738,986	95,414	113,951	132,428	121,424	42,525
16739,986	95,294	113,733	132,049	121,041	42,546
16740,985	95,217	113,651	131,659	120,826	42,529
16741,986	95,199	113,568	131,316	120,519	42,508
16742,985	95,127	113,453	130,954	120,188	42,304
16743,986	95,122	113,330	130,551	119,894	42,266
16744,985	95,022	113,271	130,202	119,636	42,281
16745,986	94,934	113,173	129,792	119,283	42,321
16746,986	94,949	113,084	129,449	119,007	42,336
16747,986	94,913	112,951	129,090	118,722	42,336
16748,987	94,760	112,881	128,724	118,416	42,186
16749,987	94,763	112,768	128,398	118,191	42,135
16750,986	94,654	112,643	128,022	117,912	42,078
16751,985	94,567	112,538	127,682	117,609	42,020
16752,985	94,549	112,466	127,353	117,358	42,140
16753,985	94,501	112,345	127,031	117,075	42,159
16754,986	94,444	112,225	126,648	116,830	42,186
16755,987	94,359	112,214	126,412	116,581	42,187
16756,987	94,230	111,962	125,980	116,197	42,052
16757,986	94,237	111,963	125,688	115,999	42,085
16758,986	94,227	111,843	125,371	115,722	42,141
16759,987	94,121	111,687	125,038	115,411	42,315
16760,986	94,063	111,561	124,697	115,180	42,203
16761,987	94,033	111,465	124,317	114,941	42,190
16762,986	93,937	111,392	124,102	114,715	42,079
16763,985	93,806	111,317	123,780	114,469	42,039
16764,985	93,748	111,205	123,450	114,217	41,941
16765,987	93,710	111,026	123,097	113,908	41,862
16766,985	93,692	110,997	122,822	113,659	41,849
16767,986	93,567	110,833	122,497	113,390	41,837
16768,985	93,590	110,744	122,207	113,171	41,862
16769,987	93,510	110,578	121,893	112,938	41,731
16770,987	93,439	110,443	121,592	112,673	41,730
16771,985	93,455	110,353	121,281	112,399	41,713
16772,986	93,369	110,212	121,032	112,202	41,749
16773,985	93,399	110,193	120,744	112,013	41,823
16774,986	93,317	110,008	120,377	111,704	41,797
16775,985	93,211	109,907	120,138	111,430	41,829
16776,986	93,254	109,720	119,858	111,223	41,866
16777,985	93,216	109,700	119,589	111,055	41,883
16778,986	93,150	109,587	119,261	110,773	41,871
16779,986	93,036	109,429	118,999	110,569	41,879
16780,985	93,017	109,311	118,677	110,318	41,790
16781,985	92,967	109,233	118,426	110,104	41,839
16782,986	92,949	109,107	118,165	109,885	41,901
16783,986	92,892	109,001	117,846	109,628	41,726
16784,986	92,785	108,904	117,543	109,345	42,700
16785,985	92,798	108,727	117,254	109,163	45,575
16786,987	92,644	108,674	117,053	108,997	45,712
16787,985	92,480	108,534	116,670	108,693	45,286
16788,987	92,393	108,364	116,450	108,539	44,858
16789,986	92,356	108,312	116,249	108,361	44,509
16790,988	92,150	108,196	115,974	108,215	44,327
16791,985	92,060	108,092	115,727	107,962	42,617
16792,987	91,975	107,919	115,446	107,814	44,447
16793,986	91,913	107,819	115,310	107,619	41,544
16794,986	91,817	107,641	115,012	107,427	41,869
16795,986	91,721	107,582	114,829	107,249	59,406
16796,985	91,791	107,409	114,608	107,112	45,557
16797,986	91,630	107,257	114,361	106,909	39,573
16798,987	91,631	107,180	114,204	106,721	39,135
16799,985	91,629	107,023	113,982	106,588	38,903
16800,987	91,590	106,941	113,932	106,439	38,681
16801,986	91,487	106,756	113,698	106,293	38,527
16802,986	91,417	106,671	113,576	106,167	38,468
16803,986	91,351	106,476	113,372	105,996	38,109
16804,987	91,322	106,367	113,234	105,884	35,222
16805,986	91,223	106,297	113,117	105,755	34,999
16806,987	91,168	106,179	112,976	105,648	34,913
16807,987	91,111	106,047	112,849	105,506	34,862
16808,987	91,028	105,918	112,689	105,374	33,934
16809,986	90,977	105,792	112,623	105,344	33,481
16810,986	90,872	105,649	112,439	105,107	33,383
16811,986	90,920	105,538	112,335	105,025	33,373
16812,986	90,837	105,413	112,188	104,916	33,372
16813,986	90,763	105,265	112,101	104,830	32,834
16814,986	90,703	105,148	111,951	104,718	30,873
16815,987	90,683	105,029	111,889	104,629	30,259
16816,985	90,562	104,980	111,764	104,493	30,037
16817,985	90,454	104,819	111,678	104,407	30,372
16818,986	90,362	104,634	111,570	104,312	30,426
16819,986	90,303	104,526	111,429	104,258	30,055
16820,987	90,286	104,384	111,388	104,106	29,544
16821,987	90,223	104,251	111,207	104,045	29,630
16822,986	90,074	104,121	111,114	103,983	29,453
16823,987	90,001	103,983	111,009	103,804	29,279
16824,986	89,891	103,807	110,958	103,760	29,175
16825,987	89,797	103,716	110,888	103,713	29,081
16826,986	89,727	103,624	110,746	103,623	28,955
16827,987	89,635	103,496	110,648	103,521	28,874
16828,986	89,559	103,328	110,571	103,391	28,682
16829,986	89,484	103,176	110,470	103,235	28,603
16830,987	89,415	103,061	110,401	103,152	28,646
16831,986	89,336	102,910	110,475	120,738	29,192
16832,986	89,285	102,934	111,009	148,821	30,566
16833,986	89,206	102,739	111,539	166,900	31,675
16834,987	89,165	102,903	112,222	188,706	32,583
16835,987	89,152	102,902	112,526	206,388	33,643
16836,987	89,016	102,936	113,129	213,099	34,688
16837,987	89,080	102,757	113,575	214,981	35,679
16838,987	89,029	102,573	113,726	231,007	36,575
16839,986	88,903	102,790	114,246	242,183	37,303
16840,987	88,835	102,647	114,589	254,800	37,990
16841,986	88,738	102,502	114,649	268,674	47,617
16842,987	88,502	102,612	114,956	281,789	46,386
16843,986	88,707	102,287	115,117	301,076	47,918
16844,987	88,682	102,418	115,489	303,638	41,698
16845,987	88,436	102,319	115,593	309,907	42,324
16846,986	88,503	102,288	115,878	316,865	44,254
16847,987	88,466	102,183	116,049	321,842	44,448
16848,986	88,281	102,177	116,261	329,004	47,841
16849,986	88,235	101,995	116,320	334,479	47,799
16850,986	88,343	101,940	116,568	340,616	64,105
16851,987	88,037	101,808	116,597	346,418	66,777
16852,987	88,065	101,842	116,712	348,879	67,695
16853,986	87,936	101,754	116,842	353,553	66,823
16854,985	88,185	101,761	116,949	353,798	70,631
16855,987	88,062	101,664	117,298	356,665	68,101
16856,986	87,814	101,522	117,381	357,856	66,961
16857,988	87,947	101,432	117,452	361,215	69,524
16858,987	87,921	101,465	117,619	361,272	69,771
16859,987	87,888	101,384	117,689	357,333	61,173
16860,988	87,745	101,040	117,643	334,403	45,673
16861,987	87,726	100,923	117,453	326,805	45,267
16862,986	87,558	100,705	117,138	318,983	44,908
16863,987	87,540	100,523	116,936	311,300	44,604
16864,987	87,444	100,406	116,693	303,824	44,344
16865,986	87,311	100,238	116,455	296,563	44,025
16866,986	87,264	100,102	116,244	289,635	43,784
16867,985	87,242	99,924	116,043	282,967	43,543
16868,986	87,203	99,819	115,924	276,611	43,373
16869,986	87,088	99,684	115,652	270,675	43,110
16870,987	87,093	99,548	115,541	265,074	42,928
16871,986	87,018	99,432	115,396	259,734	42,587
16872,986	86,880	99,221	115,280	254,563	42,035
16873,988	86,837	99,138	115,156	249,754	41,532
16874,986	86,799	99,041	115,040	245,077	41,056
16875,986	86,726	98,909	114,978	240,723	40,662
16876,986	86,667	98,772	114,880	236,596	40,225
16877,985	86,637	98,672	114,741	232,647	39,884
16878,987	86,621	98,595	114,730	229,021	39,610
16879,988	86,560	98,434	114,688	225,496	39,373
16880,987	86,446	98,392	114,593	222,137	39,103
16881,987	86,433	98,253	114,563	219,004	38,983
16882,987	86,385	98,192	114,504	215,967	38,831
16883,987	86,274	98,046	114,426	213,086	38,555
16884,988	86,206	97,988	114,438	210,370	38,396
16885,987	86,100	97,857	114,372	207,705	38,380
16886,987	86,044	97,769	114,363	205,242	38,228
16887,988	86,026	97,632	114,331	202,917	38,093
16888,987	85,957	97,512	114,284	200,555	37,874
16889,987	85,926	97,418	114,278	198,393	37,688
16890,987	85,798	97,322	114,232	196,236	37,501
16891,986	85,773	97,234	114,238	194,323	37,313
16892,987	85,693	97,166	114,182	192,370	37,177
16893,986	85,641	97,042	114,158	190,546	37,025
16894,987	85,530	96,937	114,083	188,698	36,813
16895,987	85,499	96,778	114,058	187,055	36,700
16896,987	85,362	96,732	114,019	185,357	36,390
16897,988	85,296	96,654	114,066	183,862	36,311
16898,988	85,200	96,587	114,048	182,330	36,166
16899,987	85,113	96,440	113,953	180,732	36,072
16900,989	85,062	96,436	113,994	179,341	36,059
16901,986	85,037	96,312	113,939	177,992	36,117
16902,986	84,930	96,192	113,943	176,671	36,046
16903,987	84,959	96,119	113,945	175,353	36,080
16904,987	84,952	96,122	113,899	174,054	36,296
16905,987	84,819	95,949	113,816	172,816	36,120
16906,987	84,736	95,845	113,797	171,633	35,977
16907,988	84,703	95,826	113,794	170,516	35,896
16908,988	84,629	95,716	113,780	169,418	35,706
16909,988	84,482	95,681	113,735	168,362	35,417
16910,987	84,444	95,542	113,651	167,298	35,303
16911,987	84,358	95,476	113,731	166,263	35,261
16912,987	84,247	95,413	113,665	165,322	35,142
16913,987	84,147	95,332	113,616	164,323	35,061
16914,988	84,105	95,186	113,567	163,355	34,934
16915,988	84,002	95,109	113,557	162,468	34,859
16916,987	84,021	95,025	113,504	161,601	34,817
16917,988	83,963	95,005	113,538	160,751	34,780
16918,988	83,910	94,868	113,429	159,832	34,741
16919,987	83,833	94,810	113,396	159,027	34,529
16920,988	83,745	94,702	113,300	158,058	34,299
16921,988	83,711	94,600	113,353	157,359	34,190
16922,987	83,615	94,533	113,290	156,552	34,003
16923,987	83,650	94,561	113,262	155,784	33,929
16925,003	83,476	94,403	113,180	154,952	33,798
16925,987	83,360	94,283	113,105	154,185	33,771
16926,987	83,329	94,234	113,138	153,466	33,873
16927,987	83,294	94,206	113,118	152,803	33,893
16928,989	83,157	94,006	112,940	151,994	33,723
16929,987	83,195	93,994	112,979	151,373	33,604
16930,988	83,109	93,951	112,913	150,657	33,522
16931,988	83,074	93,851	112,876	150,016	33,428
16932,987	83,009	93,763	112,784	149,292	33,459
16933,987	82,945	93,682	112,810	148,699	33,455
16934,987	82,893	93,607	112,734	148,058	33,421
16935,988	82,886	93,515	112,653	147,455	33,285
16936,988	82,836	93,437	112,630	146,826	33,292
16937,987	82,711	93,348	112,575	146,199	33,294
16938,987	82,691	93,279	112,510	145,611	33,345
16939,988	82,583	93,231	112,499	145,022	33,314
16940,987	82,491	93,147	112,416	144,367	33,257
16941,987	82,454	93,048	112,315	143,828	33,149
16942,988	82,433	93,084	112,275	143,297	32,974
16943,987	82,392	92,944	112,196	142,708	32,788
16944,988	82,324	92,850	112,137	142,156	32,640
16945,988	82,197	92,765	112,055	141,621	32,555
16946,986	82,208	92,721	112,055	141,104	32,469
16947,988	82,083	92,643	111,939	140,570	32,364
16948,987	81,947	92,528	111,866	140,046	32,263
16949,987	81,901	92,470	111,779	139,517	32,294
16950,989	81,869	92,405	111,698	139,043	32,402
16951,988	81,815	92,270	111,694	138,517	32,430
16952,988	81,708	92,153	111,546	137,960	32,445
16953,987	81,700	92,157	111,557	137,592	32,430
16954,988	81,633	92,083	111,562	137,129	32,363
16955,987	81,546	91,915	111,361	136,573	32,119
16956,987	81,508	91,904	111,300	136,138	32,027
16957,988	81,422	91,802	111,235	135,671	31,938
16958,987	81,349	91,756	111,165	135,195	31,749
16959,988	81,335	91,745	111,102	134,749	31,709
16960,988	81,260	91,622	111,045	134,325	31,594
16961,988	81,184	91,531	110,945	133,911	31,574
16962,987	81,147	91,525	110,881	133,470	31,508
16963,987	81,097	91,425	110,806	133,110	31,423
16964,988	81,051	91,374	110,719	132,637	31,405
16965,988	80,940	91,270	110,615	132,163	31,307
16966,988	80,960	91,248	110,604	131,784	31,345
16967,986	80,885	91,218	110,498	131,414	31,308
16968,987	80,851	91,114	110,357	130,937	31,193
16969,987	80,802	91,019	110,331	130,574	31,206
16970,988	80,657	91,004	110,233	130,160	31,118
16971,988	80,629	90,908	110,168	129,750	31,050
16972,988	80,488	90,849	110,039	129,406	30,920
16973,988	80,383	90,736	109,955	128,905	30,979
16974,988	80,226	90,704	109,872	128,546	30,999
16975,987	80,233	90,658	109,826	128,188	31,118
16976,989	80,232	90,573	109,727	127,776	31,084
16977,987	80,192	90,522	109,658	127,419	31,118
16978,987	80,201	90,433	109,616	127,020	31,211
16979,988	80,198	90,414	109,548	126,663	31,279
16980,988	80,070	90,259	109,385	126,236	31,218
16981,989	80,103	90,212	109,296	125,941	31,278
16982,987	79,982	90,192	109,239	125,504	31,220
16983,989	80,019	90,123	109,159	125,220	31,183
16984,988	79,896	89,970	109,030	124,848	31,043
16985,987	79,948	89,916	108,959	124,513	31,062
16986,987	79,906	89,876	108,894	124,173	31,083
16987,986	79,872	89,743	108,768	123,774	30,960
16988,988	79,858	89,708	108,685	123,455	30,884
16989,989	79,788	89,627	108,612	123,093	30,839
16990,987	79,734	89,593	108,603	122,734	30,830
16991,988	79,651	89,537	108,463	122,477	30,755
16992,988	79,501	89,440	108,347	122,108	30,667
16993,989	79,586	89,401	108,301	121,781	30,633
16994,988	79,472	89,246	108,080	121,422	30,555
16995,988	79,422	89,187	108,014	121,065	30,640
16996,988	79,390	89,178	107,973	120,783	30,688
16997,988	79,388	89,107	107,928	120,503	30,731
16998,990	79,271	88,993	107,727	120,137	30,701
16999,988	79,267	88,960	107,694	119,860	30,653
17000,987	79,157	88,916	107,650	119,514	30,669
17001,987	79,134	88,834	107,483	119,263	30,661
17002,989	79,051	88,734	107,392	118,828	30,607
17003,989	78,960	88,633	107,248	118,526	30,552
17004,989	78,964	88,633	107,260	118,243	30,613
17005,987	78,909	88,549	107,099	117,897	30,622
17006,988	78,867	88,521	107,012	117,668	30,619
17007,988	78,845	88,466	106,888	117,401	30,648
17008,988	78,750	88,371	106,834	117,083	30,580
17009,987	78,656	88,268	106,699	116,807	30,528
17010,988	78,592	88,268	106,629	116,482	30,481
17011,988	78,516	88,155	106,535	116,224	30,443
17012,989	78,462	88,115	106,421	115,889	30,537
17013,988	78,380	88,068	106,360	115,600	30,623
17014,988	78,310	87,882	106,243	115,285	30,751
17015,988	78,257	87,839	106,120	115,018	30,821
17016,988	78,197	87,811	105,964	114,706	30,883
17017,988	78,153	87,709	105,884	114,461	30,857
17018,988	78,153	87,708	105,828	114,213	30,984
17019,988	78,066	87,594	105,716	113,870	30,870
17020,987	78,054	87,533	105,603	113,618	30,867
17021,988	78,089	87,447	105,513	113,407	30,884
17022,989	77,986	87,447	105,440	113,100	30,909
17023,988	78,002	87,322	105,288	112,835	30,948
17024,988	77,925	87,255	105,165	112,556	30,956
17025,988	77,869	87,208	105,078	112,271	30,974
17026,988	77,790	87,074	104,942	111,990	30,918
17027,988	77,780	87,071	104,907	111,750	30,769
17028,989	77,735	87,008	104,798	111,525	30,701
17029,989	77,695	86,900	104,674	111,184	30,702
17030,989	77,654	86,900	104,551	110,905	30,653
17031,989	77,590	86,818	104,476	110,659	30,708
17032,988	77,619	86,831	104,423	110,451	30,873
17033,988	77,481	86,727	104,258	110,175	30,831
17034,989	77,431	86,642	104,221	109,996	30,906
17035,990	77,319	86,620	104,086	109,689	30,923
17036,988	77,289	86,550	103,958	109,402	30,925
17037,989	77,264	86,456	103,893	109,165	30,957
17038,989	77,123	86,387	103,785	108,953	30,782
17039,987	77,050	86,382	103,716	108,659	30,411
17040,989	76,929	86,229	103,619	108,416	30,162
17041,989	76,925	86,207	103,495	108,201	30,026
17042,990	76,812	86,099	103,327	107,905	29,927
17043,989	76,825	86,054	103,247	107,709	29,937
17044,988	76,797	86,036	103,200	107,484	29,735
17045,988	76,732	85,976	103,048	107,282	29,648
17046,990	76,598	85,859	102,921	106,932	29,575
17047,989	76,579	85,771	102,835	106,745	29,589
17048,987	76,551	85,770	102,739	106,528	29,667
17049,989	76,520	85,726	102,635	106,308	29,735
17050,988	76,434	85,569	102,495	106,029	29,690
17051,988	76,382	85,595	102,402	105,788	29,598
17052,988	76,307	85,524	102,299	105,659	29,509
17053,988	76,184	85,505	102,259	105,443	29,392
17054,988	76,097	85,395	102,075	105,162	29,738
17055,988	75,997	85,399	101,999	104,969	30,024
17056,987	75,924	85,364	101,940	104,730	30,227
17057,987	75,834	85,251	101,837	104,520	30,180
17058,988	75,770	85,219	101,719	104,296	30,105
17059,988	75,692	85,192	101,620	104,133	29,935
17060,988	75,706	85,118	101,589	103,888	29,910
17061,988	75,624	85,075	101,433	103,712	30,016
17062,989	75,564	85,024	101,290	103,385	29,912
17063,989	75,497	84,929	101,207	103,171	29,806
17064,990	75,409	84,854	101,105	102,981	29,943
17065,987	75,332	84,893	101,038	102,804	30,022
17066,988	75,307	84,808	100,986	102,653	29,957
17067,988	75,260	84,768	100,820	102,392	29,879
17068,987	75,098	84,729	100,764	102,196	30,037
17069,989	75,053	84,616	100,604	101,968	29,914
17070,987	74,974	84,574	100,578	101,822	29,730
17071,989	74,814	84,517	100,433	101,491	29,913
17072,988	74,802	84,485	100,366	101,370	30,159
17073,987	74,799	84,463	100,229	101,167	30,181
17074,988	74,779	84,383	100,132	101,007	30,104
17075,988	74,793	84,349	100,057	100,804	29,964
17076,987	74,657	84,318	99,910	100,570	29,920
17077,988	74,604	84,270	99,842	100,329	29,887
17078,989	74,588	84,151	99,745	100,160	29,851
17079,990	74,503	84,157	99,683	100,003	29,844
17080,989	74,467	84,123	99,538	99,828	29,897
17081,989	74,358	83,983	99,432	99,595	29,870
17082,989	74,323	83,919	99,329	99,394	29,809
17083,989	74,326	83,854	99,245	99,221	29,684
17084,987	74,245	83,819	99,159	98,970	29,523
17085,989	74,241	83,725	98,986	98,813	29,487
17086,989	74,225	83,695	98,948	98,599	29,336
17087,988	74,273	83,687	98,823	98,405	29,404
17088,989	74,142	83,545	98,674	98,231	29,333
17089,988	74,141	83,526	98,630	98,015	29,258
17090,989	74,082	83,466	98,464	97,806	29,240
17091,988	74,060	83,395	98,416	97,654	29,302
17092,989	74,026	83,323	98,298	97,456	29,202
17093,989	73,980	83,291	98,229	97,284	29,187
17094,988	73,917	83,167	98,111	97,029	29,268
17095,989	73,763	83,028	97,954	96,811	29,352
17096,989	73,806	83,070	97,915	96,665	29,438
17097,989	73,815	82,956	97,797	96,519	29,452
17098,988	73,736	82,944	97,683	96,316	29,402
17099,988	73,659	82,861	97,578	96,078	29,398
17100,988	73,694	82,814	97,516	95,942	29,384
17101,989	73,594	82,672	97,392	95,702	29,115
17102,989	73,548	82,653	97,221	95,516	28,950
17103,988	73,480	82,605	97,205	95,411	28,888
17104,988	73,428	82,539	97,081	95,204	28,737
17105,989	73,366	82,523	96,984	95,103	28,670
17106,989	73,321	82,463	96,842	94,898	28,583
17107,989	73,278	82,390	96,768	94,727	28,515
17108,989	73,209	82,407	96,707	94,548	28,419
17109,990	73,150	82,324	96,597	94,367	28,409
17110,988	73,131	82,277	96,467	94,178	28,342
17111,988	73,053	82,148	96,352	94,058	28,273
17112,988	73,051	82,130	96,208	93,877	28,249
17113,990	72,987	82,108	96,137	93,674	28,191
17114,987	72,894	82,031	96,050	93,494	28,099
17115,988	72,831	81,981	95,936	93,308	27,999
17116,988	72,723	81,909	95,818	93,113	27,968
17117,988	72,725	81,865	95,731	92,944	27,801
17118,988	72,754	81,800	95,634	92,754	27,745
17119,989	72,625	81,752	95,570	92,552	27,638
17120,989	72,541	81,730	95,485	92,414	27,656
17121,989	72,427	81,639	95,384	92,227	27,470
17122,989	72,512	81,608	95,270	92,132	27,449
17123,988	72,460	81,556	95,132	91,970	27,421
17124,989	72,355	81,520	95,079	91,776	27,650
17125,989	72,320	81,464	94,935	91,658	28,149
17126,988	72,274	81,393	94,888	91,514	28,479
17127,988	72,186	81,327	94,734	91,263	28,412
17128,988	72,169	81,305	94,595	91,161	28,436
17129,989	72,099	81,259	94,564	91,013	28,198
17130,988	72,051	81,200	94,462	90,822	28,111
17131,989	71,968	81,173	94,361	90,698	27,997
17132,988	71,903	81,111	94,282	90,488	27,870
17133,989	71,913	81,142	94,229	90,423	27,846
17134,989	71,763	80,937	94,071	90,136	27,705
17135,988	71,759	80,910	93,991	89,949	27,575
17136,989	71,716	80,937	93,916	89,845	27,574
17137,988	71,642	80,769	93,781	89,648	27,567
17138,989	71,619	80,776	93,681	89,501	27,582
17139,988	71,601	80,747	93,600	89,303	27,681
17140,989	71,524	80,681	93,538	89,171	27,623
17141,989	71,505	80,590	93,379	89,002	27,477
17142,989	71,442	80,559	93,306	88,845	27,332
17143,989	71,335	80,514	93,243	88,686	27,309
17144,989	71,310	80,450	93,093	88,537	27,268
17145,988	71,276	80,390	93,005	88,348	27,276
17146,988	71,245	80,319	92,926	88,201	27,203
17147,989	71,184	80,274	92,775	88,007	27,172
17148,989	71,213	80,211	92,734	87,888	27,113
17149,989	71,111	80,106	92,623	87,749	27,062
17150,989	71,041	80,009	92,489	87,602	26,989
17151,988	70,947	79,968	92,367	87,458	26,931
17152,989	71,034	79,998	92,327	87,404	27,011
17153,988	70,924	79,881	92,207	87,174	26,985
17154,990	70,855	79,848	92,083	87,070	26,946
17155,990	70,789	79,814	91,970	86,893	26,960
17156,989	70,746	79,696	91,821	86,772	26,842
17157,989	70,645	79,700	91,794	86,697	26,882
17158,988	70,692	79,652	91,689	86,511	26,924
17159,989	70,644	79,574	91,600	86,313	26,866
17160,990	70,652	79,580	91,485	86,242	26,894
17161,989	70,556	79,470	91,355	86,065	26,841
17162,989	70,490	79,438	91,279	85,886	26,829
17163,989	70,468	79,381	91,199	85,785	26,846
17164,989	70,385	79,271	91,114	85,664	26,785
17165,988	70,312	79,184	90,930	85,453	26,739
17166,989	70,290	79,202	90,864	85,331	26,742
17167,989	70,285	79,138	90,835	85,233	26,845
17168,988	70,165	79,052	90,715	85,068	26,749
17169,988	70,125	78,989	90,611	84,910	26,766
17170,990	70,068	78,931	90,495	84,735	26,753
17171,989	70,008	78,906	90,417	84,636	26,750
17172,989	69,968	78,871	90,312	84,455	26,777
17173,989	69,911	78,737	90,204	84,299	26,683
17174,990	69,862	78,731	90,165	84,182	26,686
17175,990	69,859	78,702	90,016	84,074	26,744
17176,988	69,810	78,604	89,926	83,925	26,627
17177,989	69,809	78,559	89,824	83,819	26,690
17178,989	69,601	78,438	89,672	83,609	26,609
17179,989	69,616	78,419	89,635	83,491	26,751
17180,989	69,618	78,365	89,534	83,336	26,784
17181,988	69,551	78,278	89,453	83,212	26,745
17182,989	69,548	78,304	89,373	83,111	26,871
17183,989	69,499	78,193	89,247	82,932	26,793
17184,990	69,409	78,130	89,172	82,832	26,794
17185,989	69,410	78,075	89,035	82,681	26,712
