Time (s),TC1 (C),TC2 (C),TC3 (C),TC4 (C),TC5 (C)
0.0,23.076,23.319,23.861,24.032,24.164
1.0,22.957,23.311,23.834,24.099,24.201
2.0,22.964,23.334,23.858,24.065,24.158
3.0,25.585,23.608,23.881,24.079,24.185
4.0,44.077,27.39,24.31,24.213,24.147
5.0,61.315,33.805,24.87,24.107,24.051
6.0,74.667,41.218,25.718,24.361,24.196
7.0,88.098,48.667,26.411,24.453,24.177
8.0,102.259,56.209,27.104,24.633,24.2
9.0,114.516,63.545,27.813,24.69,24.153
10.0,127.642,70.585,28.339,24.727,24.16
11.0,137.168,77.43,28.955,24.85,24.181
12.0,146.041,83.984,29.571,24.976,24.217
13.0,155.765,90.18,29.978,25.003,24.231
14.0,161.678,96.123,30.527,25.127,24.175
15.0,167.048,101.966,30.97,25.246,24.283
16.0,173.32,107.552,31.465,25.304,24.267
17.0,178.314,113.057,32.012,25.416,24.303
18.0,183.588,118.216,32.332,25.456,24.26
19.0,187.747,123.242,32.888,25.568,24.328
20.0,193.32,128.011,33.113,25.567,24.264
21.0,197.375,132.638,33.629,25.739,24.41
22.0,200.299,136.94,33.954,25.63,24.312
23.0,205.755,141.213,34.339,25.754,24.38
24.0,209.471,145.562,34.688,25.861,24.385
25.0,212.446,149.837,35.131,25.948,24.41
26.0,215.503,153.825,35.4,25.998,24.363
27.0,219.673,157.348,35.705,26.02,24.411
28.0,221.341,160.744,35.948,26.038,24.407
29.0,226.2,164.14,36.443,26.208,24.473
30.0,228.084,167.054,36.719,26.203,24.425
31.0,230.436,169.975,37.138,26.234,24.461
32.0,233.752,172.626,37.44,26.272,24.483
33.0,236.993,175.175,37.655,26.339,24.413
34.0,241.281,177.693,38.025,26.331,24.439
35.0,245.281,180.177,38.393,26.503,24.592
36.0,247.724,182.423,38.621,26.479,24.54
37.0,251.242,184.58,39.007,26.435,24.446
38.0,253.519,186.627,39.295,26.533,24.488
39.0,255.069,188.679,39.705,26.665,24.569
40.0,256.319,190.711,39.899,26.669,24.529
41.0,258.522,192.498,40.369,26.685,24.552
42.0,261.478,194.178,40.678,26.808,24.559
43.0,265.827,195.96,40.923,26.813,24.617
44.0,267.004,197.431,41.258,26.869,24.559
45.0,266.791,199.135,41.629,26.977,24.657
46.0,271.868,200.543,41.993,26.975,24.696
47.0,272.005,201.99,42.204,27.033,24.61
48.0,272.389,203.225,42.572,27.034,24.651
49.0,276.534,204.645,42.916,27.12,24.651
50.0,275.947,205.854,43.201,27.049,24.63
51.0,278.526,207.02,43.454,27.163,24.67
52.0,279.27,208.327,43.902,27.303,24.713
53.0,283.213,209.518,44.211,27.308,24.656
54.0,282.681,210.696,44.564,27.398,24.761
55.0,284.136,211.7,44.856,27.378,24.751
56.0,287.568,212.821,45.269,27.486,24.782
57.0,285.856,213.758,45.52,27.426,24.686
58.0,289.679,214.761,45.943,27.529,24.748
59.0,293.047,215.738,46.303,27.637,24.852
60.0,291.667,216.631,46.665,27.607,24.849
61.0,293.53,217.437,46.927,27.664,24.857
62.0,296.755,218.319,47.274,27.69,24.824
63.0,298.395,219.17,47.616,27.789,24.767
64.0,298.727,219.787,47.944,27.694,24.782
65.0,299.111,220.622,48.338,27.802,24.816
66.0,299.812,221.324,48.674,27.776,24.793
67.0,302.334,222.11,49.056,27.908,24.909
68.0,306.317,222.774,49.402,27.96,24.858
69.0,307.391,223.516,49.705,28.031,24.894
70.0,306.23,224.23,50.093,28.095,24.902
71.0,306.242,224.832,50.436,28.134,24.886
72.0,309.412,225.551,50.809,28.162,24.95
73.0,311.416,226.211,51.206,28.326,24.959
74.0,313.14,226.768,51.572,28.299,24.912
75.0,313.172,227.431,51.926,28.324,24.97
76.0,314.651,228.084,52.261,28.42,25.003
77.0,314.761,228.569,52.63,28.445,24.965
78.0,317.488,229.229,52.904,28.515,25.043
79.0,316.835,229.823,53.281,28.625,24.984
80.0,319.213,230.399,53.717,28.633,25.072
81.0,320.642,230.847,54.088,28.683,25.071
82.0,320.92,231.631,54.502,28.803,25.131
83.0,321.736,232.151,54.859,28.795,25.064
84.0,323.316,232.663,55.121,28.865,25.135
85.0,323.412,233.131,55.439,28.892,25.044
86.0,322.676,233.738,55.852,28.933,25.097
87.0,327.057,234.386,56.239,29.039,25.159
88.0,348.937,245.402,56.595,29.065,25.163
89.0,355.682,247.011,56.948,29.115,25.205
90.0,352.551,247.295,57.367,29.287,25.273
91.0,356.443,251.517,57.661,29.249,25.201
92.0,354.901,250.899,58.091,29.258,25.214
93.0,358.387,251.827,58.423,29.31,25.206
94.0,359.709,251.687,58.818,29.482,25.204
95.0,360.174,250.713,59.154,29.507,25.311
96.0,360.216,254.092,59.41,29.549,25.26
97.0,363.159,255.22,59.886,29.778,25.27
98.0,361.628,250.96,60.267,29.687,25.331
99.0,365.38,253.814,60.635,29.798,25.342
100.0,363.618,252.532,60.964,29.885,25.334
101.0,361.548,252.715,61.363,29.912,25.332
102.0,369.377,257.097,61.789,30.029,25.385
103.0,373.374,255.855,62.136,30.064,25.386
104.0,369.271,255.098,62.463,30.076,25.346
105.0,367.421,253.34,62.867,30.22,25.392
106.0,370.114,259.531,63.262,30.217,25.402
107.0,370.131,257.247,63.562,30.318,25.402
108.0,371.658,257.775,64.036,30.435,25.486
109.0,376.191,255.138,64.285,30.461,25.429
110.0,378.672,259.322,64.753,30.513,25.463
111.0,376.44,261.103,65.165,30.655,25.547
112.0,377.014,261.173,65.603,30.704,25.492
113.0,373.683,260.017,65.907,30.759,25.449
114.0,376.245,261.762,66.257,30.835,25.576
115.0,377.163,260.548,66.781,30.914,25.565
116.0,374.58,263.66,67.073,30.978,25.49
117.0,375.937,262.255,67.544,31.05,25.561
118.0,378.52,264.171,67.945,31.179,25.524
119.0,381.553,265.279,68.358,31.185,25.527
120.0,381.736,261.099,68.728,31.337,25.65
121.0,383.539,267.334,69.24,31.34,25.618
122.0,386.703,263.657,69.614,31.511,25.714
123.0,384.182,263.235,69.907,31.525,25.611
124.0,383.346,264.422,70.35,31.699,25.683
125.0,385.177,266.301,70.75,31.724,25.699
126.0,385.415,267.246,71.2,31.846,25.749
127.0,387.39,265.11,71.579,31.843,25.641
128.0,388.354,266.62,72.009,31.869,25.77
129.0,392.938,269.766,72.383,32.013,25.702
130.0,392.82,269.294,72.81,32.164,25.767
131.0,390.927,271.741,73.141,32.273,25.875
132.0,388.527,269.399,73.489,32.353,25.718
133.0,388.385,271.452,73.877,32.376,25.764
134.0,388.402,270.546,74.275,32.538,25.865
135.0,389.082,270.794,74.728,32.715,25.943
136.0,393.82,272.187,75.043,32.798,25.919
137.0,388.634,272.784,75.366,32.786,25.835
138.0,389.112,273.897,75.868,32.966,25.952
139.0,389.829,273.143,76.321,33.094,25.95
140.0,389.981,273.089,76.629,33.184,25.952
141.0,392.092,274.016,77.007,33.317,25.956
142.0,391.437,274.863,77.388,33.414,26.016
143.0,395.688,276.782,77.761,33.524,25.987
144.0,394.93,277.168,78.12,33.534,25.927
145.0,393.699,276.766,78.475,33.745,25.968
146.0,392.513,276.446,78.816,33.81,26.088
147.0,391.837,275.048,79.166,33.899,26.041
148.0,395.605,275.816,79.615,33.986,26.054
149.0,394.83,279.121,80.018,34.18,26.154
150.0,399.637,280.443,80.395,34.253,26.117
151.0,399.119,280.043,80.759,34.492,26.192
152.0,401.748,280.765,81.167,34.491,26.145
153.0,388.855,270.603,81.438,34.586,26.18
154.0,369.625,263.224,81.439,34.636,26.137
155.0,364.15,260.579,81.335,34.613,26.187
156.0,358.863,257.84,81.248,34.638,26.288
157.0,353.665,254.865,81.037,34.555,26.263
158.0,348.528,251.904,80.94,34.535,26.248
159.0,343.862,249.069,80.792,34.513,26.289
160.0,339.186,246.129,80.733,34.55,26.297
161.0,334.476,243.238,80.641,34.483,26.26
162.0,330.146,240.355,80.503,34.472,26.247
163.0,325.921,237.551,80.448,34.466,26.377
164.0,321.954,234.839,80.402,34.517,26.356
165.0,318.027,232.134,80.328,34.489,26.346
166.0,314.427,229.564,80.32,34.501,26.391
167.0,310.844,227.013,80.287,34.464,26.381
168.0,307.4,224.585,80.234,34.55,26.402
169.0,304.057,222.216,80.26,34.539,26.436
170.0,300.876,219.884,80.248,34.516,26.404
171.0,297.742,217.663,80.195,34.557,26.415
172.0,294.611,215.487,80.296,34.554,26.386
173.0,291.687,213.414,80.264,34.695,26.41
174.0,288.921,211.343,80.243,34.674,26.45
175.0,286.262,209.408,80.327,34.759,26.507
176.0,283.649,207.419,80.336,34.722,26.434
177.0,281.007,205.581,80.346,34.743,26.471
178.0,278.307,203.747,80.365,34.695,26.439
179.0,275.786,201.964,80.475,34.894,26.572
180.0,273.192,200.189,80.453,34.879,26.511
181.0,270.721,198.493,80.531,34.925,26.555
182.0,268.294,196.833,80.585,34.939,26.575
183.0,265.898,195.144,80.598,34.939,26.548
184.0,263.648,193.619,80.692,35.055,26.641
185.0,261.353,192.041,80.704,35.038,26.564
186.0,259.192,190.594,80.772,35.082,26.627
187.0,257.162,189.13,80.812,35.188,26.684
188.0,255.032,187.71,80.902,35.279,26.735
189.0,252.872,186.323,80.904,35.257,26.684
190.0,250.866,185.009,80.99,35.373,26.783
191.0,248.84,183.649,80.981,35.353,26.748
192.0,246.872,182.348,81.056,35.435,26.75
193.0,244.804,181.043,81.062,35.489,26.805
194.0,242.858,179.811,81.156,35.486,26.739
195.0,240.978,178.617,81.198,35.655,26.833
196.0,239.109,177.405,81.283,35.706,26.808
197.0,237.178,176.213,81.262,35.699,26.796
198.0,235.397,175.12,81.296,35.792,26.864
199.0,233.575,173.897,81.299,35.842,26.865
200.0,231.826,172.815,81.377,35.974,26.939
201.0,230.043,171.711,81.354,35.959,26.897
202.0,228.347,170.605,81.388,36.063,26.898
203.0,226.723,169.625,81.469,36.094,26.999
204.0,224.984,168.548,81.476,36.132,26.956
205.0,223.336,167.565,81.51,36.195,26.988
206.0,221.668,166.498,81.484,36.211,26.972
207.0,220.101,165.521,81.588,36.313,26.969
208.0,218.534,164.593,81.544,36.377,27.005
209.0,217.003,163.627,81.618,36.389,27.038
210.0,215.441,162.661,81.571,36.401,27.125
211.0,213.884,161.753,81.598,36.516,27.072
212.0,212.414,160.795,81.668,36.606,27.104
213.0,210.909,159.887,81.619,36.582,27.077
214.0,209.443,159.022,81.607,36.613,27.164
215.0,208.069,158.2,81.646,36.738,27.181
216.0,206.602,157.324,81.663,36.799,27.225
217.0,205.166,156.414,81.657,36.833,27.179
218.0,203.783,155.593,81.663,36.922,27.234
219.0,202.437,154.782,81.71,37.014,27.268
220.0,201.113,154.001,81.681,37.068,27.282
221.0,199.82,153.15,81.683,37.114,27.321
222.0,198.491,152.342,81.63,37.19,27.323
223.0,197.183,151.506,81.653,37.224,27.343
224.0,195.956,150.824,81.585,37.313,27.4
225.0,194.697,149.996,81.591,37.363,27.401
226.0,193.437,149.299,81.642,37.387,27.407
227.0,192.267,148.53,81.621,37.476,27.41
228.0,191.034,147.758,81.621,37.519,27.425
229.0,189.889,147.058,81.618,37.601,27.489
230.0,188.719,146.342,81.608,37.676,27.459
231.0,187.542,145.636,81.603,37.755,27.425
232.0,186.449,145.012,81.57,37.818,27.555
233.0,185.326,144.327,81.581,37.867,27.588
234.0,184.256,143.652,81.558,37.938,27.563
235.0,183.145,142.953,81.51,38.054,27.554
236.0,182.123,142.337,81.568,38.143,27.671
237.0,181.068,141.623,81.475,38.121,27.668
238.0,180.048,140.965,81.488,38.173,27.685
239.0,179.028,140.35,81.424,38.289,27.744
240.0,178.0,139.661,81.392,38.335,27.687
241.0,177.009,139.047,81.424,38.425,27.766
242.0,175.974,138.401,81.354,38.463,27.81
243.0,175.006,137.777,81.358,38.54,27.772
244.0,174.062,137.194,81.346,38.56,27.785
245.0,173.107,136.539,81.265,38.625,27.856
246.0,172.189,135.923,81.261,38.667,27.869
247.0,171.197,135.328,81.216,38.741,27.837
248.0,170.277,134.693,81.151,38.761,27.86
249.0,169.411,134.174,81.132,38.926,27.947
250.0,168.486,133.511,81.14,38.911,27.973
251.0,167.607,132.925,81.027,39.05,27.978
252.0,166.71,132.369,81.034,39.114,28.001
253.0,165.785,131.771,80.988,39.116,28.033
254.0,164.931,131.189,80.873,39.224,28.102
255.0,164.074,130.625,80.78,39.249,28.097
256.0,163.22,130.099,80.78,39.345,28.121
257.0,162.383,129.565,80.714,39.347,28.101
258.0,161.661,129.05,80.683,39.47,28.255
259.0,160.745,128.522,80.616,39.473,28.215
260.0,159.93,128.031,80.572,39.576,28.218
261.0,159.185,127.504,80.558,39.641,28.305
262.0,158.44,127.026,80.508,39.672,28.317
263.0,157.657,126.53,80.471,39.736,28.336
264.0,156.797,125.971,80.455,39.79,28.365
265.0,156.102,125.537,80.419,39.908,28.431
266.0,155.334,125.062,80.329,39.922,28.472
267.0,154.59,124.59,80.292,40.027,28.51
268.0,153.859,124.109,80.186,39.988,28.462
269.0,153.145,123.603,80.174,40.058,28.49
270.0,152.389,123.096,80.128,40.084,28.508
271.0,151.753,122.748,80.11,40.139,28.604
272.0,151.041,122.221,80.055,40.228,28.595
273.0,150.341,121.741,80.011,40.278,28.561
274.0,149.723,121.328,80.018,40.411,28.656
275.0,148.983,120.849,79.938,40.386,28.679
276.0,148.315,120.456,79.854,40.435,28.715
277.0,147.645,119.967,79.876,40.532,28.826
278.0,146.967,119.535,79.704,40.614,28.825
279.0,146.268,119.118,79.662,40.639,28.858
280.0,145.624,118.635,79.515,40.667,28.853
281.0,144.947,118.203,79.488,40.708,28.824
282.0,144.309,117.841,79.392,40.793,28.917
283.0,143.62,117.354,79.327,40.872,28.957
284.0,143.003,116.998,79.29,40.898,29.058
285.0,142.368,116.508,79.12,40.934,29.057
286.0,141.737,116.163,79.078,41.007,29.074
287.0,141.192,115.688,78.986,41.005,29.139
288.0,140.545,115.295,78.957,41.105,29.172
289.0,139.978,114.953,78.889,41.113,29.244
290.0,139.391,114.559,78.85,41.174,29.309
291.0,138.794,114.167,78.801,41.209,29.333
292.0,138.235,113.783,78.726,41.278,29.342
293.0,137.635,113.433,78.691,41.363,29.409
294.0,137.021,113.006,78.562,41.328,29.403
295.0,136.48,112.657,78.502,41.41,29.405
296.0,135.936,112.253,78.456,41.457,29.448
297.0,135.409,111.863,78.42,41.511,29.492
298.0,134.841,111.483,78.248,41.491,29.551
299.0,134.289,111.181,78.218,41.551,29.646
300.0,133.73,110.766,78.15,41.625,29.629
301.0,133.094,110.415,78.014,41.619,29.657
302.0,132.57,110.023,78.051,41.767,29.724
303.0,131.977,109.698,77.929,41.73,29.761
304.0,131.498,109.297,77.822,41.831,29.84
305.0,130.919,108.994,77.751,41.796,29.829
306.0,130.405,108.608,77.712,41.892,29.929
307.0,129.89,108.322,77.704,41.92,29.945
308.0,129.386,107.973,77.604,42.003,29.947
309.0,128.898,107.624,77.518,42.018,29.981
310.0,128.328,107.28,77.394,42.077,30.019
311.0,127.789,106.951,77.347,42.068,30.019
312.0,127.374,106.621,77.244,42.109,30.09
313.0,126.83,106.274,77.193,42.152,30.096
314.0,126.368,105.992,77.056,42.185,30.163
315.0,125.904,105.623,77.045,42.251,30.188
316.0,125.433,105.307,76.925,42.269,30.251
317.0,124.935,104.949,76.836,42.336,30.245
318.0,124.473,104.687,76.826,42.402,30.236
319.0,124.046,104.4,76.748,42.425,30.279
320.0,123.568,104.097,76.656,42.457,30.336
321.0,123.05,103.777,76.584,42.454,30.383
322.0,122.688,103.484,76.565,42.552,30.448
323.0,122.226,103.166,76.514,42.585,30.472
324.0,121.665,102.779,76.336,42.558,30.467
325.0,121.252,102.558,76.371,42.63,30.565
326.0,120.751,102.18,76.162,42.622,30.589
327.0,120.404,101.94,76.12,42.668,30.633
328.0,119.883,101.618,76.05,42.685,30.662
329.0,119.52,101.339,75.998,42.781,30.705
330.0,119.018,100.979,75.846,42.731,30.723
331.0,118.623,100.74,75.771,42.784,30.751
332.0,118.133,100.398,75.65,42.795,30.735
333.0,117.694,100.132,75.639,42.83,30.767
334.0,117.274,99.873,75.521,42.85,30.74
335.0,116.925,99.582,75.524,42.956,30.9
336.0,116.452,99.309,75.462,42.935,30.903
337.0,116.086,99.077,75.338,42.989,30.932
338.0,115.604,98.735,75.265,43.099,30.912
339.0,115.177,98.439,75.187,43.059,30.996
340.0,114.749,98.148,75.097,43.094,30.981
341.0,114.394,97.919,75.018,43.122,31.047
342.0,113.917,97.621,74.9,43.167,31.061
343.0,113.512,97.361,74.885,43.23,31.132
344.0,113.171,97.138,74.808,43.286,31.242
345.0,112.736,96.862,74.721,43.267,31.189
346.0,112.349,96.582,74.603,43.316,31.204
347.0,111.969,96.32,74.512,43.334,31.204
348.0,111.578,96.082,74.449,43.433,31.224
349.0,111.204,95.806,74.365,43.463,31.257
350.0,110.828,95.592,74.259,43.431,31.288
351.0,110.432,95.277,74.153,43.475,31.283
352.0,110.199,95.115,74.139,43.595,31.392
353.0,109.792,94.823,74.08,43.523,31.359
354.0,109.499,94.623,73.955,43.59,31.478
355.0,109.016,94.289,73.827,43.554,31.453
356.0,108.74,94.09,73.762,43.634,31.49
357.0,108.37,93.795,73.687,43.653,31.516
358.0,108.002,93.595,73.634,43.657,31.642
359.0,107.614,93.262,73.518,43.678,31.677
360.0,107.241,93.078,73.423,43.749,31.734
361.0,106.911,92.817,73.334,43.655,31.688
362.0,106.485,92.543,73.272,43.749,31.81
363.0,106.19,92.263,73.149,43.799,31.807
364.0,105.852,92.11,73.097,43.775,31.884
365.0,105.487,91.808,72.998,43.769,31.914
366.0,105.212,91.655,72.984,43.854,31.953
367.0,104.898,91.435,72.919,43.907,31.998
368.0,104.495,91.106,72.77,43.851,31.938
369.0,104.238,90.983,72.785,43.928,31.985
370.0,103.834,90.711,72.698,43.924,32.002
371.0,103.504,90.462,72.585,43.931,31.984
372.0,103.161,90.223,72.502,43.913,31.981
373.0,102.898,90.023,72.418,43.97,32.06
374.0,102.602,89.821,72.356,43.98,32.045
375.0,102.279,89.542,72.241,43.971,32.032
376.0,101.979,89.328,72.154,44.001,32.165
377.0,101.648,89.12,72.09,44.051,32.271
378.0,101.355,88.903,72.029,44.07,32.29
379.0,100.987,88.653,71.906,44.051,32.307
380.0,100.687,88.451,71.86,44.116,32.447
381.0,100.39,88.282,71.769,44.143,32.458
382.0,100.049,87.984,71.665,44.141,32.476
383.0,99.742,87.751,71.585,44.141,32.45
384.0,99.438,87.562,71.56,44.13,32.531
385.0,99.193,87.373,71.491,44.261,32.62
386.0,98.749,87.148,71.33,44.175,32.571
387.0,98.522,86.938,71.252,44.253,32.681
388.0,98.234,86.804,71.246,44.249,32.731
389.0,97.894,86.519,71.135,44.248,32.715
390.0,97.575,86.302,71.035,44.22,32.709
391.0,97.235,86.103,70.901,44.25,32.756
392.0,97.057,85.986,70.889,44.387,32.846
393.0,96.715,85.741,70.827,44.389,32.887
394.0,96.369,85.511,70.736,44.332,32.889
395.0,96.112,85.373,70.698,44.418,32.924
396.0,95.813,85.142,70.597,44.409,32.868
397.0,95.479,84.942,70.488,44.365,32.909
398.0,95.302,84.748,70.441,44.441,33.034
399.0,94.976,84.553,70.333,44.447,33.114
400.0,94.675,84.333,70.213,44.433,33.152
401.0,94.37,84.145,70.178,44.484,33.084
402.0,94.119,83.92,70.096,44.456,33.197
403.0,93.824,83.728,70.03,44.499,33.192
404.0,93.488,83.502,69.865,44.463,33.18
405.0,93.242,83.297,69.815,44.477,33.275
406.0,92.921,83.121,69.714,44.512,33.267
407.0,92.661,82.929,69.685,44.542,33.334
408.0,92.397,82.744,69.599,44.525,33.393
409.0,92.164,82.545,69.511,44.522,33.431
410.0,91.91,82.41,69.461,44.58,33.464
411.0,91.626,82.204,69.403,44.611,33.462
412.0,91.341,82.024,69.266,44.539,33.517
413.0,91.058,81.843,69.155,44.535,33.585
414.0,90.812,81.676,69.108,44.56,33.639
415.0,90.572,81.484,69.042,44.596,33.705
416.0,90.338,81.303,69.008,44.609,33.769
417.0,90.047,81.07,68.863,44.565,33.69
418.0,89.831,80.949,68.854,44.641,33.737
419.0,89.489,80.736,68.739,44.63,33.628
420.0,89.328,80.586,68.645,44.664,33.719
421.0,89.022,80.411,68.667,44.688,33.75
422.0,88.81,80.299,68.509,44.73,33.77
423.0,88.536,80.069,68.468,44.749,33.812
424.0,88.285,79.842,68.351,44.734,33.895
425.0,88.073,79.685,68.336,44.727,33.926
426.0,87.825,79.586,68.295,44.717,33.928
427.0,87.6,79.411,68.226,44.812,34.06
428.0,87.28,79.164,68.047,44.748,33.991
429.0,87.035,79.038,68.021,44.798,34.078
430.0,86.815,78.882,67.97,44.814,34.142
431.0,86.576,78.738,67.879,44.835,34.125
432.0,86.347,78.494,67.808,44.816,34.154
433.0,86.118,78.377,67.721,44.846,34.222
434.0,85.939,78.277,67.69,44.88,34.315
435.0,85.706,78.055,67.625,44.856,34.291
436.0,85.527,77.938,67.57,44.901,34.364
437.0,85.251,77.772,67.472,44.903,34.393
438.0,85.024,77.579,67.453,44.917,34.345
439.0,84.767,77.424,67.37,44.956,34.402
440.0,84.56,77.191,67.243,44.893,34.426
441.0,84.429,77.09,67.22,44.944,34.5
442.0,84.136,76.9,67.074,44.949,34.519
443.0,83.983,76.78,67.044,44.96,34.586
444.0,83.755,76.619,67.012,44.973,34.549
445.0,83.475,76.416,66.939,44.982,34.584
446.0,83.283,76.295,66.819,44.966,34.595
447.0,83.022,76.154,66.784,44.979,34.664
448.0,82.808,75.954,66.662,44.943,34.626
449.0,82.573,75.776,66.601,44.963,34.718
450.0,82.406,75.708,66.572,45.037,34.751
451.0,82.203,75.519,66.488,45.043,34.726
452.0,81.972,75.382,66.363,45.035,34.804
453.0,81.796,75.178,66.344,45.023,34.809
454.0,81.552,75.043,66.199,44.98,34.858
455.0,81.307,74.843,66.088,45.0,34.883
456.0,81.071,74.629,65.999,44.973,34.819
457.0,80.905,74.592,65.932,45.002,34.918
458.0,80.656,74.391,65.776,44.982,34.892
459.0,80.403,74.287,65.685,44.982,34.951
460.0,80.191,74.111,65.626,44.976,34.958
461.0,80.004,73.97,65.504,44.9,34.992
462.0,79.766,73.807,65.438,44.904,34.966
463.0,79.566,73.68,65.376,44.926,35.031
464.0,79.323,73.481,65.207,44.901,34.911
465.0,79.026,73.329,65.155,44.885,35.024
466.0,78.875,73.215,65.097,44.868,35.076
467.0,78.752,73.157,65.08,44.983,35.143
468.0,78.447,72.928,64.986,44.909,35.125
469.0,78.225,72.777,64.898,45.008,35.086
470.0,78.023,72.67,64.827,44.967,35.117
471.0,77.87,72.518,64.739,44.961,35.194
472.0,77.7,72.354,64.678,44.966,35.175
473.0,77.405,72.218,64.596,44.941,35.143
474.0,77.237,72.055,64.565,45.01,35.25
475.0,77.076,71.986,64.575,45.074,35.327
476.0,76.9,71.734,64.475,45.013,35.28
477.0,76.651,71.578,64.367,45.004,35.269
478.0,76.464,71.471,64.357,45.014,35.264
479.0,76.266,71.266,64.241,44.997,35.212
480.0,76.114,71.228,64.175,44.982,35.266
481.0,75.967,71.003,64.139,45.01,35.336
482.0,75.782,70.914,64.081,45.025,35.354
483.0,75.532,70.723,64.009,45.011,35.305
484.0,75.36,70.606,63.928,45.058,35.279
485.0,75.227,70.487,63.893,45.072,35.334
486.0,74.982,70.313,63.813,45.032,35.277
487.0,74.818,70.17,63.737,45.026,35.327
488.0,74.692,70.017,63.738,45.043,35.327
489.0,74.462,69.885,63.567,44.983,35.277
490.0,74.297,69.71,63.506,44.966,35.288
491.0,74.115,69.603,63.474,45.013,35.323
492.0,73.909,69.468,63.407,44.995,35.421
493.0,73.764,69.325,63.342,44.999,35.441
494.0,73.587,69.226,63.206,44.993,35.478
495.0,73.466,69.102,63.225,45.03,35.605
496.0,73.252,68.879,63.117,44.96,35.555
497.0,73.103,68.76,63.08,44.984,35.643
498.0,72.993,68.694,63.004,45.011,35.665
499.0,72.76,68.477,62.912,44.967,35.618
500.0,72.599,68.39,62.889,44.995,35.649
501.0,72.412,68.284,62.806,44.972,35.689
502.0,72.198,68.097,62.724,44.969,35.715
503.0,72.006,68.006,62.653,44.948,35.647
504.0,71.831,67.883,62.567,44.977,35.719
505.0,71.674,67.761,62.501,45.008,35.639
506.0,71.435,67.6,62.398,44.979,35.631
507.0,71.286,67.516,62.353,45.037,35.637
508.0,71.176,67.37,62.315,45.06,35.679
509.0,70.904,67.167,62.161,44.956,35.685
510.0,70.81,67.111,62.209,45.042,35.738
511.0,70.605,66.917,62.128,45.048,35.729
512.0,70.469,66.855,62.027,44.989,35.693
513.0,70.303,66.714,61.883,45.036,35.701
514.0,70.148,66.606,61.878,45.032,35.73
515.0,69.928,66.434,61.783,44.987,35.652
516.0,69.747,66.324,61.717,44.966,35.699
517.0,69.598,66.193,61.65,44.988,35.77
518.0,69.449,66.082,61.517,44.981,35.782
519.0,69.29,65.903,61.488,45.002,35.748
520.0,69.172,65.812,61.412,44.963,35.768
521.0,68.955,65.675,61.381,44.973,35.893
522.0,68.741,65.549,61.291,44.978,35.887
523.0,68.634,65.454,61.277,45.008,35.913
524.0,68.502,65.304,61.182,44.949,36.026
525.0,68.317,65.212,61.131,44.97,36.021
526.0,68.226,65.11,61.056,45.0,36.065
527.0,68.047,64.956,60.963,44.974,36.03
528.0,67.902,64.843,60.891,44.944,36.023
529.0,67.784,64.767,60.886,44.993,36.051
530.0,67.609,64.682,60.837,44.944,36.045
531.0,67.411,64.525,60.737,44.928,35.938
532.0,67.263,64.339,60.637,44.864,36.033
533.0,67.129,64.363,60.59,44.926,36.13
534.0,66.885,64.201,60.585,44.895,36.088
535.0,66.802,64.044,60.448,44.879,36.134
536.0,66.609,63.905,60.403,44.816,36.241
537.0,66.538,63.81,60.328,44.845,36.24
538.0,66.348,63.728,60.301,44.849,36.242
539.0,66.165,63.582,60.212,44.881,36.244
540.0,66.035,63.492,60.15,44.843,36.282
541.0,65.848,63.345,60.056,44.791,36.301
542.0,65.648,63.193,59.952,44.758,36.339
543.0,65.565,63.083,59.872,44.752,36.274
544.0,65.438,63.04,59.82,44.757,36.358
545.0,65.305,62.92,59.777,44.768,36.418
546.0,65.076,62.76,59.666,44.712,36.369
547.0,64.958,62.624,59.595,44.715,36.388
548.0,64.831,62.572,59.613,44.782,36.453
549.0,64.692,62.435,59.5,44.727,36.436
550.0,64.51,62.357,59.463,44.698,36.452
551.0,64.395,62.198,59.389,44.723,36.493
552.0,64.287,62.161,59.378,44.761,36.605
553.0,64.065,61.964,59.203,44.712,36.538
554.0,63.928,61.923,59.222,44.707,36.525
555.0,63.872,61.831,59.148,44.741,36.608
556.0,63.684,61.677,59.1,44.724,36.623
557.0,63.509,61.577,59.032,44.67,36.589
558.0,63.483,61.481,59.012,44.696,36.602
559.0,63.295,61.352,58.919,44.683,36.656
560.0,63.219,61.315,58.906,44.704,36.634
561.0,63.021,61.106,58.781,44.639,36.695
562.0,62.93,61.052,58.716,44.69,36.755
563.0,62.802,60.966,58.714,44.711,36.696
564.0,62.641,60.772,58.657,44.632,36.71
565.0,62.561,60.769,58.639,44.701,36.804
566.0,62.399,60.573,58.51,44.651,36.722
567.0,62.265,60.53,58.439,44.639,36.774
568.0,62.062,60.363,58.315,44.659,36.76
569.0,61.953,60.279,58.302,44.624,36.783
570.0,61.831,60.156,58.216,44.588,36.799
571.0,61.723,60.116,58.188,44.622,36.857
572.0,61.572,59.977,58.111,44.558,36.838
573.0,61.409,59.857,58.07,44.545,36.836
574.0,61.35,59.741,58.035,44.526,36.855
575.0,61.173,59.728,57.959,44.607,36.899
576.0,61.048,59.602,57.865,44.534,36.871
577.0,60.924,59.513,57.842,44.514,36.983
578.0,60.871,59.43,57.752,44.592,36.928
579.0,60.682,59.326,57.73,44.54,36.937
580.0,60.572,59.235,57.694,44.551,36.943
581.0,60.393,59.068,57.525,44.48,36.806
582.0,60.354,59.096,57.556,44.547,37.015
583.0,60.172,58.875,57.418,44.441,36.932
584.0,60.068,58.764,57.362,44.442,36.951
585.0,59.879,58.718,57.281,44.463,36.922
586.0,59.852,58.637,57.265,44.48,36.932
587.0,59.66,58.472,57.198,44.401,36.975
588.0,59.579,58.417,57.182,44.412,36.965
589.0,59.434,58.321,57.108,44.417,36.953
590.0,59.352,58.277,57.081,44.388,37.037
591.0,59.217,58.152,56.99,44.383,37.045
592.0,59.058,58.035,56.858,44.346,37.037
593.0,58.929,57.931,56.865,44.349,36.962
594.0,58.909,57.87,56.842,44.331,37.004
595.0,58.733,57.73,56.757,44.296,37.048
596.0,58.627,57.641,56.695,44.266,37.015
597.0,58.557,57.543,56.645,44.318,37.084
598.0,58.441,57.476,56.62,44.308,37.077
599.0,58.28,57.407,56.528,44.291,37.084
600.0,58.145,57.228,56.428,44.253,37.083
601.0,58.108,57.181,56.464,44.283,37.088
602.0,57.954,57.088,56.354,44.281,37.136
603.0,57.835,57.022,56.297,44.272,37.091
604.0,57.728,56.919,56.269,44.282,37.06
605.0,57.652,56.793,56.222,44.237,37.118
606.0,57.431,56.763,56.149,44.206,37.126
607.0,57.364,56.669,56.046,44.231,37.185
608.0,57.27,56.547,55.992,44.189,37.168
609.0,57.111,56.467,55.895,44.173,37.184
610.0,57.031,56.379,55.867,44.197,37.194
611.0,56.888,56.274,55.842,44.155,37.201
612.0,56.747,56.183,55.762,44.126,37.186
613.0,56.677,56.123,55.741,44.143,37.166
614.0,56.561,56.047,55.651,44.113,37.226
615.0,56.43,55.911,55.565,44.088,37.154
616.0,56.328,55.856,55.559,44.12,37.169
617.0,56.283,55.861,55.519,44.119,37.233
618.0,56.133,55.688,55.43,44.049,37.229
619.0,56.058,55.634,55.388,44.061,37.231
620.0,55.925,55.521,55.289,44.015,37.206
621.0,55.869,55.448,55.279,43.992,37.289
622.0,55.722,55.311,55.223,43.966,37.238
623.0,55.623,55.272,55.236,43.976,37.25
624.0,55.481,55.188,55.082,43.95,37.187
625.0,55.36,55.094,55.036,43.92,37.259
626.0,55.318,55.046,54.988,43.951,37.28
627.0,55.155,54.916,54.88,43.963,37.301
628.0,55.07,54.889,54.894,43.933,37.282
629.0,54.987,54.711,54.853,43.903,37.221
630.0,54.866,54.638,54.745,43.89,37.267
631.0,54.847,54.644,54.76,43.943,37.33
632.0,54.671,54.513,54.654,43.88,37.275
633.0,54.639,54.445,54.664,43.877,37.313
634.0,54.477,54.323,54.592,43.871,37.309
635.0,54.436,54.261,54.53,43.848,37.315
636.0,54.277,54.206,54.475,43.909,37.326
637.0,54.198,54.09,54.435,43.892,37.378
638.0,54.091,54.005,54.336,43.843,37.335
639.0,53.934,53.913,54.218,43.764,37.251
640.0,53.906,53.913,54.221,43.853,37.375
641.0,53.718,53.745,54.13,43.814,37.313
642.0,53.666,53.741,54.144,43.825,37.396
643.0,53.517,53.64,54.015,43.749,37.318
644.0,53.515,53.608,54.036,43.784,37.416
645.0,53.352,53.482,53.938,43.74,37.36
646.0,53.282,53.348,53.848,43.686,37.288
647.0,53.195,53.386,53.902,43.761,37.367
648.0,53.032,53.246,53.722,43.711,37.353
649.0,52.963,53.105,53.727,43.721,37.357
650.0,52.874,53.086,53.679,43.706,37.338
651.0,52.767,52.989,53.609,43.693,37.361
652.0,52.624,52.935,53.548,43.653,37.402
653.0,52.581,52.88,53.52,43.623,37.412
654.0,52.544,52.765,53.48,43.644,37.454
655.0,52.379,52.654,53.422,43.631,37.466
656.0,52.362,52.607,53.349,43.633,37.457
657.0,52.287,52.51,53.336,43.624,37.482
658.0,52.14,52.451,53.25,43.588,37.401
659.0,52.08,52.392,53.231,43.55,37.423
660.0,51.963,52.329,53.177,43.575,37.439
661.0,51.868,52.235,53.156,43.544,37.458
662.0,51.73,52.135,53.099,43.545,37.462
663.0,51.747,52.095,53.012,43.482,37.434
664.0,51.614,51.997,52.963,43.518,37.404
665.0,51.512,51.912,52.919,43.509,37.483
666.0,51.375,51.734,52.79,43.438,37.415
667.0,51.414,51.822,52.841,43.494,37.456
668.0,51.201,51.682,52.743,43.462,37.405
669.0,51.141,51.662,52.709,43.495,37.432
670.0,51.035,51.511,52.609,43.413,37.427
671.0,51.003,51.434,52.561,43.39,37.402
672.0,50.899,51.405,52.55,43.343,37.465
673.0,50.839,51.352,52.507,43.353,37.562
674.0,50.714,51.261,52.417,43.326,37.449
675.0,50.629,51.213,52.379,43.308,37.457
676.0,50.609,51.2,52.372,43.312,37.462
677.0,50.525,51.063,52.367,43.348,37.465
678.0,50.365,50.983,52.25,43.261,37.449
679.0,50.313,50.874,52.2,43.275,37.431
680.0,50.188,50.823,52.102,43.207,37.462
681.0,50.14,50.772,52.163,43.247,37.455
682.0,50.052,50.677,52.118,43.251,37.422
683.0,49.969,50.656,52.014,43.226,37.443
684.0,49.875,50.523,51.992,43.209,37.508
685.0,49.775,50.458,51.984,43.166,37.457
686.0,49.668,50.379,51.824,43.137,37.487
687.0,49.623,50.347,51.798,43.184,37.551
688.0,49.515,50.225,51.725,43.107,37.459
689.0,49.463,50.173,51.716,43.082,37.457
690.0,49.333,50.121,51.636,43.103,37.45
691.0,49.285,50.05,51.636,43.078,37.411
692.0,49.124,49.954,51.52,43.029,37.405
693.0,49.117,49.919,51.491,43.066,37.447
694.0,48.951,49.837,51.453,43.059,37.424
695.0,48.859,49.752,51.346,42.991,37.467
696.0,48.747,49.713,51.317,43.026,37.487
697.0,48.647,49.643,51.272,43.019,37.511
698.0,48.531,49.51,51.224,42.988,37.521
699.0,48.461,49.483,51.209,42.981,37.427
700.0,48.365,49.44,51.192,42.926,37.455
701.0,48.286,49.276,51.091,42.933,37.464
702.0,48.125,49.22,51.052,42.877,37.468
703.0,48.088,49.185,51.002,42.879,37.438
704.0,48.027,49.08,50.969,42.841,37.37
705.0,47.967,49.118,50.936,42.918,37.397
706.0,47.921,49.0,50.924,42.879,37.333
707.0,47.81,48.958,50.847,42.843,37.364
708.0,47.744,48.859,50.831,42.85,37.37
709.0,47.675,48.842,50.818,42.836,37.376
710.0,47.677,48.754,50.803,42.899,37.44
711.0,47.542,48.62,50.633,42.786,37.47
712.0,47.473,48.544,50.545,42.792,37.484
713.0,47.353,48.559,50.526,42.748,37.47
714.0,47.317,48.5,50.473,42.713,37.475
715.0,47.233,48.47,50.43,42.678,37.444
716.0,47.119,48.436,50.419,42.637,37.428
717.0,47.108,48.396,50.4,42.697,37.51
718.0,47.017,48.298,50.318,42.646,37.491
719.0,47.038,48.293,50.314,42.616,37.469
720.0,46.979,48.297,50.259,42.609,37.585
721.0,46.911,48.216,50.206,42.654,37.612
722.0,46.872,48.176,50.147,42.581,37.568
723.0,46.853,48.149,50.083,42.559,37.571
724.0,46.834,48.127,50.085,42.573,37.587
725.0,46.782,48.092,50.057,42.595,37.56
726.0,46.818,48.091,50.006,42.541,37.545
727.0,46.804,48.055,49.965,42.54,37.475
728.0,46.833,48.047,49.941,42.538,37.478
729.0,46.783,48.033,49.881,42.486,37.461
730.0,46.751,48.047,49.903,42.514,37.478
731.0,46.798,48.04,49.806,42.492,37.358
732.0,46.702,47.987,49.724,42.416,37.305
733.0,46.759,47.969,49.732,42.451,37.317
734.0,46.676,47.923,49.629,42.428,37.288
735.0,46.64,47.912,49.555,42.408,37.315
736.0,46.637,47.942,49.539,42.442,37.365
737.0,46.593,47.867,49.445,42.373,37.279
738.0,46.558,47.854,49.388,42.337,37.266
739.0,46.59,47.803,49.35,42.299,37.185
740.0,46.631,47.858,49.344,42.36,37.279
741.0,46.663,47.903,49.32,42.319,37.233
742.0,46.586,47.789,49.193,42.223,37.201
743.0,46.64,47.84,49.251,42.236,37.253
744.0,46.675,47.864,49.137,42.198,37.211
745.0,46.73,47.828,49.136,42.201,37.28
746.0,46.643,47.831,49.079,42.182,37.248
747.0,46.721,47.89,49.074,42.161,37.162
748.0,46.724,47.877,49.098,42.138,37.12
749.0,46.76,47.842,49.0,42.119,37.026
750.0,46.753,47.799,48.91,42.063,36.933
751.0,46.706,47.797,48.881,42.05,37.111
752.0,46.769,47.857,48.87,42.043,36.984
753.0,46.738,47.863,48.883,42.063,37.046
754.0,46.772,47.843,48.868,42.081,37.033
755.0,46.771,47.921,48.84,42.074,36.931
756.0,46.758,47.875,48.771,42.061,36.924
757.0,46.796,47.797,48.737,42.028,36.882
758.0,46.884,47.879,48.749,42.044,36.859
759.0,46.871,47.88,48.645,42.011,36.954
760.0,46.887,47.881,48.642,42.065,36.95
761.0,46.82,47.883,48.558,42.017,36.943
762.0,46.792,47.857,48.555,41.973,36.989
763.0,46.801,47.808,48.486,41.891,36.999
764.0,46.866,47.805,48.412,41.918,37.047
765.0,46.888,47.741,48.381,41.904,37.038
766.0,46.9,47.755,48.284,41.883,37.02
767.0,46.898,47.808,48.338,41.866,37.03
768.0,46.874,47.733,48.274,41.889,37.021
769.0,46.846,47.783,48.23,41.815,37.062
770.0,46.878,47.709,48.206,41.788,36.949
771.0,46.878,47.73,48.22,41.834,36.953
772.0,46.854,47.721,48.11,41.707,36.913
773.0,46.871,47.688,48.124,41.732,36.922
774.0,46.872,47.648,48.07,41.7,36.926
775.0,46.902,47.667,48.027,41.712,36.887
776.0,46.961,47.633,48.036,41.687,36.851
777.0,46.981,47.659,47.978,41.66,36.891
778.0,46.946,47.63,47.935,41.592,36.887
779.0,46.95,47.644,47.908,41.568,36.914
780.0,46.948,47.673,47.893,41.593,36.926
781.0,46.919,47.636,47.825,41.599,36.947
782.0,46.944,47.633,47.841,41.552,36.915
783.0,46.928,47.622,47.851,41.589,36.849
784.0,46.905,47.66,47.807,41.536,36.816
785.0,46.969,47.633,47.759,41.557,36.839
786.0,46.979,47.644,47.766,41.598,36.816
787.0,46.961,47.603,47.67,41.476,36.695
788.0,46.948,47.536,47.617,41.504,36.77
789.0,46.991,47.601,47.661,41.495,36.737
790.0,46.942,47.54,47.612,41.491,36.685
791.0,46.921,47.524,47.527,41.383,36.603
792.0,46.939,47.467,47.519,41.45,36.631
793.0,46.885,47.489,47.5,41.332,36.649
794.0,46.967,47.472,47.43,41.406,36.68
795.0,46.997,47.465,47.42,41.377,36.653
796.0,46.889,47.386,47.34,41.343,36.631
797.0,46.929,47.476,47.316,41.395,36.704
798.0,46.986,47.437,47.323,41.375,36.704
799.0,46.95,47.439,47.275,41.332,36.675
800.0,46.888,47.357,47.227,41.362,36.64
801.0,46.911,47.408,47.238,41.292,36.686
802.0,46.863,47.439,47.185,41.351,36.705
803.0,46.897,47.483,47.168,41.326,36.715
804.0,46.891,47.389,47.127,41.27,36.678
805.0,46.847,47.394,47.106,41.313,36.776
806.0,46.82,47.434,47.066,41.275,36.762
807.0,46.868,47.403,47.031,41.24,36.778
808.0,46.809,47.345,46.988,41.22,36.793
809.0,46.84,47.365,46.997,41.257,36.78
810.0,46.789,47.325,46.948,41.254,36.767
811.0,46.768,47.304,46.856,41.165,36.656
812.0,46.773,47.276,46.871,41.159,36.59
813.0,46.795,47.319,46.886,41.182,36.624
814.0,46.73,47.313,46.89,41.14,36.645
815.0,46.772,47.25,46.808,41.157,36.607
816.0,46.739,47.218,46.796,41.086,36.562
817.0,46.775,47.243,46.723,41.044,36.626
818.0,46.729,47.179,46.678,41.06,36.607
819.0,46.678,47.205,46.676,41.035,36.668
820.0,46.737,47.217,46.672,40.983,36.551
821.0,46.73,47.193,46.662,40.994,36.567
822.0,46.779,47.212,46.656,40.978,36.549
823.0,46.763,47.109,46.567,40.906,36.488
824.0,46.721,47.164,46.555,40.911,36.472
825.0,46.641,47.091,46.462,40.879,36.425
826.0,46.654,47.051,46.479,40.892,36.354
827.0,46.679,47.085,46.488,40.846,36.359
828.0,46.691,47.064,46.484,40.871,36.351
829.0,46.671,47.035,46.398,40.813,36.476
830.0,46.646,47.056,46.366,40.81,36.437
831.0,46.624,46.945,46.33,40.771,36.392
832.0,46.596,46.939,46.312,40.754,36.397
833.0,46.627,46.891,46.224,40.716,36.354
834.0,46.615,46.894,46.217,40.68,36.27
835.0,46.602,46.834,46.144,40.679,36.262
836.0,46.565,46.871,46.232,40.654,36.267
837.0,46.565,46.827,46.153,40.658,36.259
838.0,46.569,46.826,46.142,40.667,36.299
839.0,46.581,46.862,46.193,40.641,36.356
840.0,46.505,46.815,46.137,40.671,36.326
841.0,46.545,46.76,46.09,40.564,36.327
842.0,46.481,46.79,46.056,40.53,36.289
843.0,46.532,46.777,46.065,40.542,36.231
844.0,46.496,46.691,46.01,40.522,36.277
845.0,46.489,46.697,46.013,40.55,36.184
846.0,46.494,46.627,45.976,40.502,36.158
847.0,46.441,46.601,45.889,40.446,36.15
848.0,46.433,46.597,45.923,40.458,36.223
849.0,46.409,46.594,45.871,40.392,36.149
850.0,46.417,46.6,45.866,40.423,36.193
851.0,46.472,46.659,45.897,40.473,36.305
852.0,46.368,46.603,45.783,40.369,36.271
853.0,46.424,46.57,45.851,40.43,36.301
854.0,46.324,46.46,45.758,40.394,36.278
855.0,46.32,46.459,45.78,40.342,36.131
856.0,46.331,46.472,45.713,40.352,36.206
857.0,46.338,46.456,45.676,40.309,36.135
858.0,46.276,46.416,45.67,40.287,36.18
859.0,46.31,46.43,45.656,40.316,36.181
860.0,46.296,46.412,45.59,40.2,36.124
861.0,46.251,46.381,45.532,40.222,36.104
862.0,46.232,46.329,45.554,40.197,36.061
863.0,46.275,46.306,45.515,40.269,36.072
864.0,46.247,46.31,45.513,40.199,36.022
865.0,46.172,46.279,45.508,40.217,36.051
866.0,46.108,46.276,45.412,40.169,36.058
867.0,46.153,46.298,45.428,40.173,36.036
868.0,46.108,46.238,45.354,40.173,36.04
869.0,46.054,46.198,45.32,40.133,36.057
870.0,46.07,46.168,45.281,40.1,36.006
871.0,46.034,46.211,45.334,40.137,36.03
872.0,46.07,46.145,45.251,40.056,35.934
873.0,46.004,46.083,45.248,40.122,35.949
874.0,45.988,46.104,45.189,40.03,35.911
875.0,45.984,46.086,45.209,40.075,35.919
876.0,46.016,46.129,45.189,40.033,35.895
877.0,45.917,46.095,45.102,39.972,35.916
878.0,45.91,46.026,45.121,39.997,35.911
879.0,45.886,45.999,45.105,40.009,35.885
880.0,45.879,45.937,45.051,39.948,35.806
881.0,45.852,45.929,45.024,39.943,35.814
882.0,45.769,45.888,45.025,39.945,35.855
883.0,45.821,45.977,44.982,39.94,35.932
884.0,45.811,45.941,44.937,39.934,35.947
885.0,45.769,45.903,44.966,39.912,35.993
886.0,45.765,45.854,44.866,39.865,35.953
887.0,45.692,45.85,44.857,39.842,35.946
888.0,45.679,45.833,44.827,39.784,36.005
889.0,45.624,45.776,44.769,39.776,35.93
890.0,45.689,45.783,44.833,39.776,35.94
891.0,45.652,45.775,44.769,39.745,35.961
892.0,45.654,45.772,44.806,39.772,35.946
893.0,45.597,45.719,44.761,39.699,35.891
894.0,45.575,45.671,44.671,39.719,35.903
895.0,45.6,45.714,44.704,39.781,35.866
896.0,45.601,45.711,44.722,39.613,35.904
897.0,45.609,45.692,44.683,39.727,35.892
898.0,45.496,45.61,44.61,39.627,35.864
899.0,45.491,45.644,44.681,39.659,35.904
900.0,45.537,45.578,44.61,39.577,35.98
901.0,45.446,45.537,44.541,39.563,35.855
902.0,45.48,45.536,44.506,39.549,35.879
903.0,45.416,45.507,44.521,39.558,35.882
904.0,45.37,45.509,44.502,39.51,35.901
905.0,45.372,45.492,44.458,39.552,35.783
906.0,45.35,45.444,44.477,39.462,35.782
907.0,45.349,45.45,44.442,39.486,35.72
908.0,45.3,45.41,44.454,39.52,35.797
909.0,45.284,45.451,44.364,39.483,35.719
910.0,45.248,45.378,44.346,39.482,35.73
911.0,45.322,45.399,44.363,39.436,35.808
912.0,45.23,45.319,44.259,39.397,35.692
913.0,45.207,45.347,44.252,39.461,35.695
914.0,45.204,45.303,44.26,39.4,35.755
915.0,45.18,45.26,44.233,39.363,35.737
916.0,45.151,45.295,44.21,39.367,35.751
917.0,45.116,45.183,44.201,39.331,35.655
918.0,45.125,45.228,44.149,39.331,35.712
919.0,45.084,45.188,44.18,39.342,35.677
920.0,45.133,45.2,44.14,39.329,35.688
921.0,45.079,45.133,44.086,39.356,35.704
922.0,45.057,45.087,44.062,39.304,35.665
923.0,44.974,45.126,44.019,39.25,35.707
924.0,45.046,45.054,44.02,39.273,35.696
925.0,44.969,45.081,43.999,39.299,35.758
926.0,44.884,45.019,43.955,39.238,35.647
927.0,44.903,44.997,43.966,39.215,35.671
928.0,44.913,44.959,43.874,39.211,35.64
929.0,44.864,44.918,43.903,39.165,35.65
930.0,44.906,44.918,43.867,39.118,35.644
931.0,44.838,44.864,43.805,39.148,35.606
932.0,44.832,44.826,43.754,39.087,35.557
933.0,44.803,44.841,43.762,39.103,35.6
934.0,44.885,44.798,43.704,39.116,35.616
935.0,44.818,44.773,43.667,39.056,35.53
936.0,44.733,44.716,43.606,39.035,35.501
937.0,44.796,44.776,43.615,39.062,35.57
938.0,44.737,44.713,43.621,39.014,35.505
939.0,44.75,44.7,43.544,38.992,35.508
940.0,44.687,44.674,43.546,38.988,35.56
941.0,44.717,44.673,43.477,39.005,35.508
942.0,44.648,44.617,43.446,38.928,35.527
943.0,44.643,44.606,43.38,38.856,35.465
944.0,44.678,44.575,43.452,38.922,35.501
945.0,44.614,44.57,43.374,38.853,35.466
946.0,44.583,44.522,43.409,38.801,35.441
947.0,44.629,44.55,43.408,38.877,35.43
948.0,44.469,44.458,43.386,38.836,35.439
949.0,44.467,44.455,43.3,38.815,35.476
950.0,44.45,44.454,43.353,38.817,35.454
951.0,44.427,44.462,43.346,38.816,35.531
952.0,44.385,44.433,43.293,38.808,35.525
953.0,44.363,44.428,43.313,38.857,35.373
954.0,44.304,44.428,43.312,38.799,35.358
955.0,44.248,44.38,43.322,38.802,35.333
956.0,44.209,44.372,43.318,38.781,35.26
957.0,44.105,44.308,43.308,38.735,35.341
958.0,44.04,44.257,43.253,38.733,35.309
959.0,44.032,44.275,43.252,38.809,35.342
960.0,43.94,44.258,43.232,38.796,35.299
961.0,43.853,44.208,43.198,38.757,35.361
962.0,43.817,44.198,43.206,38.831,35.309
963.0,43.767,44.218,43.281,38.797,35.324
964.0,43.758,44.133,43.158,38.812,35.321
965.0,43.757,44.176,43.214,38.855,35.37
966.0,43.631,44.076,43.156,38.769,35.388
967.0,43.666,44.052,43.127,38.774,35.341
968.0,43.679,44.076,43.133,38.806,35.395
969.0,43.607,44.016,43.116,38.84,35.357
970.0,43.595,44.073,43.151,38.832,35.41
971.0,43.438,43.943,43.046,38.731,35.346
972.0,43.457,43.944,42.975,38.744,35.339
973.0,43.453,43.926,42.986,38.729,35.363
974.0,43.425,43.915,42.988,38.791,35.372
975.0,43.395,43.869,42.919,38.722,35.345
976.0,43.42,43.878,42.949,38.748,35.415
977.0,43.366,43.883,42.926,38.727,35.342
978.0,43.379,43.86,43.0,38.722,35.412
979.0,43.339,43.804,42.913,38.698,35.338
980.0,43.307,43.81,42.957,38.702,35.259
981.0,43.327,43.832,42.928,38.754,35.232
982.0,43.256,43.775,42.845,38.639,35.254
983.0,43.283,43.768,42.859,38.651,35.297
984.0,43.239,43.735,42.85,38.655,35.299
985.0,43.218,43.736,42.85,38.703,35.366
986.0,43.161,43.65,42.77,38.603,35.326
987.0,43.077,43.598,42.738,38.687,35.283
988.0,43.095,43.642,42.778,38.644,35.353
989.0,43.002,43.563,42.719,38.615,35.375
990.0,42.986,43.53,42.668,38.56,35.402
991.0,42.992,43.562,42.706,38.577,35.455
992.0,42.894,43.515,42.654,38.591,35.306
993.0,42.948,43.498,42.698,38.62,35.325
994.0,42.909,43.412,42.619,38.497,35.212
995.0,42.927,43.488,42.661,38.567,35.196
996.0,42.919,43.433,42.608,38.535,35.201
997.0,42.903,43.472,42.554,38.512,35.243
998.0,42.816,43.43,42.531,38.457,35.263
999.0,42.783,43.333,42.505,38.47,35.248
1000.0,42.778,43.321,42.529,38.523,35.332
1001.0,42.811,43.346,42.539,38.469,35.365
1002.0,42.73,43.279,42.439,38.472,35.27
1003.0,42.767,43.25,42.468,38.523,35.303
1004.0,42.751,43.267,42.464,38.465,35.307
1005.0,42.717,43.263,42.387,38.441,35.304
1006.0,42.657,43.244,42.381,38.448,35.252
1007.0,42.698,43.233,42.398,38.503,35.313
1008.0,42.647,43.138,42.324,38.396,35.298
1009.0,42.64,43.088,42.254,38.335,35.303
1010.0,42.598,43.093,42.221,38.382,35.277
1011.0,42.515,43.029,42.19,38.32,35.275
1012.0,42.574,43.059,42.207,38.292,35.279
1013.0,42.542,42.99,42.138,38.29,35.252
1014.0,42.491,42.982,42.157,38.296,35.231
1015.0,42.386,42.881,42.121,38.244,35.274
1016.0,42.429,42.931,42.088,38.265,35.253
1017.0,42.421,42.841,42.17,38.234,35.256
1018.0,42.399,42.785,42.202,38.322,35.276
1019.0,42.398,42.776,42.026,38.19,35.245
1020.0,42.349,42.763,42.074,38.223,35.202
1021.0,42.338,42.719,41.985,38.129,35.142
1022.0,42.347,42.674,41.985,38.158,35.102
1023.0,42.264,42.633,41.877,38.105,35.038
1024.0,42.307,42.616,41.916,38.194,35.116
1025.0,42.239,42.56,41.882,38.175,35.1
1026.0,42.227,42.57,42.068,38.398,35.236
1027.0,42.169,42.53,42.01,38.444,35.384
1028.0,42.162,42.48,41.966,38.527,35.384
1029.0,42.156,42.459,42.046,38.499,35.427
1030.0,42.166,42.393,41.934,38.477,35.436
1031.0,42.029,42.322,41.895,38.485,35.44
1032.0,42.101,42.26,41.881,38.507,35.402
1033.0,42.035,42.167,41.843,38.489,35.429
1034.0,41.989,42.067,41.766,38.471,35.419
1035.0,42.006,42.013,41.717,38.415,35.399
1036.0,45.197,45.776,45.165,38.699,35.357
1037.0,45.803,57.966,54.213,39.453,35.441
1038.0,45.876,71.926,64.547,40.315,35.417
1039.0,47.03,85.709,75.099,40.982,35.471
1040.0,46.945,99.015,85.717,41.626,35.528
1041.0,48.146,111.495,95.996,42.331,35.494
1042.0,47.515,123.446,105.898,42.908,35.553
1043.0,47.89,134.864,115.404,43.538,35.585
1044.0,48.385,145.683,124.49,44.07,35.548
1045.0,46.976,155.993,133.246,44.7,35.775
1046.0,46.34,165.391,142.338,45.159,35.687
1047.0,46.9,174.195,151.615,45.789,35.748
1048.0,48.513,182.072,160.325,46.197,35.738
1049.0,49.218,189.467,169.047,46.803,35.802
1050.0,48.937,195.946,178.304,47.344,35.797
1051.0,50.075,202.139,186.858,47.859,35.86
1052.0,58.532,207.847,200.369,48.409,35.953
1053.0,57.386,214.865,208.36,48.801,35.972
1054.0,46.967,239.86,209.567,49.286,36.057
1055.0,47.148,235.96,217.012,49.673,36.053
1056.0,47.333,255.983,225.029,50.128,36.037
1057.0,47.568,249.951,230.6,50.515,36.124
1058.0,47.791,256.887,231.565,50.996,36.115
1059.0,48.066,251.323,238.71,51.498,36.179
1060.0,48.417,269.338,240.363,51.824,36.19
1061.0,48.512,268.602,244.617,52.31,36.235
1062.0,48.727,272.688,247.658,52.669,36.295
1063.0,48.993,274.378,250.382,53.129,36.369
1064.0,49.218,275.037,261.254,53.565,36.448
1065.0,49.563,281.436,254.95,53.974,36.492
1066.0,49.776,280.223,266.633,54.358,36.494
1067.0,50.136,285.145,262.638,54.703,36.46
1068.0,50.514,284.389,264.773,55.217,36.567
1069.0,50.881,285.907,275.491,55.682,36.683
1070.0,50.938,291.788,267.65,55.992,36.654
1071.0,51.255,294.472,273.833,56.492,36.663
1072.0,51.716,290.066,270.436,56.862,36.776
1073.0,51.962,296.913,276.419,57.319,36.867
1074.0,52.32,292.864,279.019,57.607,36.913
1075.0,52.642,302.117,273.26,58.117,36.944
1076.0,53.214,303.95,277.957,58.614,37.012
1077.0,53.277,298.059,277.267,58.877,36.917
1078.0,53.857,301.947,277.299,59.344,37.022
1079.0,54.062,306.529,280.921,59.795,37.104
1080.0,54.661,312.52,284.461,60.252,37.147
1081.0,54.706,307.838,283.388,60.622,37.143
1082.0,55.158,308.474,283.268,61.082,37.23
1083.0,55.742,309.77,286.181,61.526,37.331
1084.0,55.972,310.159,283.094,61.883,37.254
1085.0,56.47,313.408,287.194,62.291,37.282
1086.0,56.756,316.846,293.38,62.729,37.374
1087.0,57.294,316.516,296.528,63.166,37.494
1088.0,57.706,319.96,293.039,63.686,37.506
1089.0,58.236,321.279,297.825,64.143,37.577
1090.0,58.594,318.558,297.786,64.505,37.582
1091.0,59.182,323.339,298.179,64.895,37.597
1092.0,59.541,319.802,302.199,65.406,37.788
1093.0,59.95,324.166,296.175,65.684,37.696
1094.0,60.416,325.851,304.436,66.197,37.722
1095.0,60.928,325.414,308.449,66.663,37.835
1096.0,61.269,329.639,302.555,66.98,37.877
1097.0,62.025,332.969,303.383,67.492,38.006
1098.0,62.589,329.887,311.078,67.908,37.955
1099.0,62.919,331.579,314.429,68.29,37.916
1100.0,63.49,334.388,304.543,68.729,37.965
1101.0,64.022,333.952,315.629,69.145,38.143
1102.0,64.39,333.31,310.281,69.673,38.183
1103.0,64.934,332.484,308.167,70.05,38.264
1104.0,65.256,334.145,311.063,70.42,38.334
1105.0,65.92,336.583,315.26,70.812,38.268
1106.0,66.541,338.671,317.969,71.311,38.394
1107.0,67.024,337.65,315.722,71.627,38.401
1108.0,67.232,345.648,312.074,72.159,38.502
1109.0,67.943,340.287,311.957,72.529,38.544
1110.0,68.535,344.902,318.546,73.005,38.636
1111.0,69.174,347.309,322.39,73.503,38.694
1112.0,69.689,340.945,313.46,73.841,38.725
1113.0,70.392,350.059,325.531,74.311,38.8
1114.0,70.754,344.465,325.257,74.726,38.89
1115.0,71.312,347.204,324.128,75.083,38.924
1116.0,71.94,345.772,321.868,75.548,39.042
1117.0,72.486,347.352,325.938,75.945,39.025
1118.0,73.002,348.767,318.857,76.269,39.137
1119.0,73.524,345.404,324.852,76.836,39.198
1120.0,74.289,352.231,323.382,77.236,39.326
1121.0,74.748,355.045,325.374,77.667,39.39
1122.0,75.359,348.21,329.705,78.059,39.377
1123.0,76.134,354.33,329.663,78.548,39.595
1124.0,76.343,351.676,326.559,78.833,39.559
1125.0,76.994,350.813,332.313,79.297,39.669
1126.0,77.429,351.463,335.592,79.752,39.733
1127.0,78.076,354.464,332.374,80.087,39.767
1128.0,78.689,358.372,330.371,80.546,39.928
1129.0,79.463,359.205,330.498,81.019,39.996
1130.0,79.744,360.106,333.215,81.352,39.983
1131.0,80.584,357.244,334.611,81.745,40.196
1132.0,80.893,358.532,337.126,82.172,40.253
1133.0,81.584,368.733,334.48,82.631,40.393
1134.0,82.167,361.486,335.309,82.996,40.447
1135.0,82.828,364.257,331.799,83.43,40.493
1136.0,83.503,361.803,335.671,83.802,40.542
1137.0,83.965,368.163,339.435,84.18,40.638
1138.0,84.452,366.032,342.001,84.642,40.794
1139.0,85.226,364.205,336.569,85.014,40.836
1140.0,85.702,365.253,337.46,85.445,40.983
1141.0,86.618,368.962,333.289,85.743,41.003
1142.0,87.095,365.191,340.075,86.231,41.092
1143.0,87.572,364.969,341.494,86.556,41.195
1144.0,88.199,371.269,339.227,86.936,41.252
1145.0,88.774,367.573,342.961,87.246,41.291
1146.0,89.475,373.421,338.906,87.804,41.388
1147.0,90.042,371.969,341.646,88.098,41.491
1148.0,90.545,371.055,345.182,88.677,41.595
1149.0,91.337,368.571,339.406,89.009,41.711
1150.0,91.785,367.02,338.807,89.312,41.751
1151.0,92.613,378.272,343.208,89.705,41.966
1152.0,93.052,377.883,340.312,90.072,41.945
1153.0,93.743,373.529,345.063,90.524,42.133
1154.0,94.347,374.559,350.62,90.937,42.252
1155.0,94.905,375.983,348.501,91.426,42.359
1156.0,95.429,379.572,348.845,91.747,42.515
1157.0,96.085,379.261,346.11,92.12,42.598
1158.0,96.719,372.787,340.118,92.578,42.7
1159.0,97.285,375.585,341.76,92.912,42.827
1160.0,97.722,378.44,350.674,93.261,42.869
1161.0,98.48,385.483,349.599,93.715,43.045
1162.0,98.691,386.801,344.833,94.112,43.092
1163.0,99.493,378.771,349.749,94.502,43.165
1164.0,100.04,384.826,354.015,94.916,43.333
1165.0,100.837,387.959,352.439,95.279,43.445
1166.0,101.475,388.83,353.171,95.593,43.524
1167.0,101.798,383.093,345.237,95.959,43.625
1168.0,102.556,388.447,345.211,96.328,43.707
1169.0,102.792,382.583,347.492,96.549,43.814
1170.0,103.385,391.685,351.278,96.931,43.912
1171.0,104.32,386.023,354.667,97.277,44.059
1172.0,104.666,392.103,356.617,97.663,44.137
1173.0,105.097,396.047,358.408,97.977,44.227
1174.0,105.668,392.834,355.362,98.407,44.384
1175.0,106.09,393.248,350.06,98.654,44.413
1176.0,106.645,392.982,358.096,99.065,44.534
1177.0,107.289,392.575,352.236,99.38,44.636
1178.0,107.854,394.903,354.664,99.858,44.838
1179.0,108.299,394.482,347.802,100.187,44.895
1180.0,109.058,385.51,356.651,100.679,45.08
1181.0,109.647,391.777,356.757,100.933,45.185
1182.0,110.197,394.826,355.888,101.296,45.248
1183.0,110.879,391.788,358.483,101.641,45.442
1184.0,111.425,392.617,356.823,101.989,45.489
1185.0,112.189,397.174,367.539,102.39,45.765
1186.0,112.695,399.603,351.389,102.74,45.845
1187.0,112.884,396.309,358.988,102.99,45.874
1188.0,113.66,393.988,360.745,103.289,46.0
1189.0,114.077,400.296,362.69,103.692,46.103
1190.0,114.692,403.966,364.113,104.003,46.227
1191.0,115.144,396.314,360.812,104.346,46.452
1192.0,115.716,368.628,345.925,104.529,46.514
1193.0,115.985,362.553,341.781,104.228,46.61
1194.0,116.303,355.86,337.649,103.973,46.621
1195.0,116.681,349.041,333.358,103.754,46.736
1196.0,116.99,342.131,328.932,103.577,46.863
1197.0,117.311,335.275,324.377,103.409,46.859
1198.0,117.679,328.78,319.944,103.358,47.099
1199.0,118.021,322.416,315.49,103.152,47.111
1200.0,118.427,316.429,311.162,103.07,47.293
1201.0,118.758,310.798,306.948,102.951,47.337
1202.0,119.071,305.347,302.867,102.81,47.468
1203.0,119.388,300.245,298.889,102.732,47.592
1204.0,119.742,295.383,295.049,102.658,47.653
1205.0,120.039,290.741,291.274,102.593,47.737
1206.0,120.319,286.282,287.719,102.458,47.879
1207.0,120.689,281.986,284.221,102.466,48.033
1208.0,120.992,277.876,280.863,102.32,48.158
1209.0,121.255,273.913,277.587,102.294,48.194
1210.0,121.534,270.113,274.38,102.3,48.285
1211.0,121.89,266.48,271.402,102.268,48.473
1212.0,122.089,262.88,268.331,102.294,48.528
1213.0,122.409,259.391,265.373,102.247,48.655
1214.0,122.618,256.036,262.5,102.236,48.735
1215.0,122.98,252.854,259.776,102.308,48.978
1216.0,123.258,249.734,257.049,102.363,49.009
1217.0,123.571,246.822,254.439,102.481,49.133
1218.0,123.832,243.934,251.919,102.509,49.238
1219.0,124.117,241.125,249.399,102.517,49.236
1220.0,124.409,238.501,247.083,102.604,49.351
1221.0,124.654,235.833,244.729,102.701,49.472
1222.0,124.868,233.301,242.394,102.703,49.544
1223.0,125.149,230.923,240.209,102.743,49.625
1224.0,125.389,228.532,238.036,102.861,49.753
1225.0,125.632,226.196,235.931,102.868,49.813
1226.0,125.783,223.96,233.855,102.877,49.91
1227.0,126.095,221.743,231.85,102.901,49.988
1228.0,126.245,219.581,229.866,102.922,50.072
1229.0,126.569,217.595,227.975,102.981,50.288
1230.0,126.728,215.53,226.065,103.046,50.373
1231.0,126.919,213.541,224.17,103.031,50.485
1232.0,127.133,211.623,222.385,102.977,50.577
1233.0,127.327,209.685,220.614,102.961,50.693
1234.0,127.471,207.824,218.844,102.945,50.841
1235.0,127.69,206.002,217.23,102.971,50.962
1236.0,127.879,204.306,215.557,102.856,51.051
1237.0,128.087,202.556,213.909,102.816,51.262
1238.0,128.211,200.883,212.299,102.801,51.391
1239.0,128.408,199.229,210.74,102.719,51.482
1240.0,128.518,197.667,209.128,102.587,51.573
1241.0,128.766,196.136,207.675,102.633,51.709
1242.0,128.884,194.563,206.177,102.592,51.808
1243.0,129.035,193.098,204.718,102.517,51.903
1244.0,129.136,191.721,203.321,102.517,52.032
1245.0,129.324,190.363,201.916,102.47,52.211
1246.0,129.43,188.929,200.532,102.345,52.301
1247.0,129.577,187.608,199.142,102.362,52.43
1248.0,129.723,186.372,197.824,102.296,52.512
1249.0,129.824,185.007,196.516,102.262,52.585
1250.0,129.926,183.779,195.156,102.237,52.739
1251.0,130.042,182.446,193.943,102.134,52.825
1252.0,130.217,181.323,192.719,102.145,52.947
1253.0,130.248,180.079,191.439,102.002,53.01
1254.0,130.349,178.911,190.265,101.977,53.138
1255.0,130.432,177.818,189.116,101.947,53.24
1256.0,130.503,176.638,188.016,101.872,53.366
1257.0,130.583,175.525,186.809,101.808,53.432
1258.0,130.692,174.575,185.748,101.721,53.559
1259.0,130.776,173.467,184.608,101.663,53.631
1260.0,130.831,172.495,183.577,101.669,53.765
1261.0,130.928,171.488,182.55,101.645,53.874
1262.0,131.005,170.574,181.501,101.622,54.018
1263.0,130.992,169.522,180.453,101.493,54.075
1264.0,131.066,168.588,179.404,101.473,54.255
1265.0,131.186,167.717,178.392,101.46,54.326
1266.0,131.219,166.722,177.446,101.36,54.418
1267.0,131.293,165.879,176.501,101.257,54.538
1268.0,131.214,164.915,175.499,101.178,54.614
1269.0,131.312,164.008,174.596,101.166,54.737
1270.0,131.325,163.121,173.624,101.061,54.84
1271.0,131.468,162.276,172.74,101.025,54.917
1272.0,131.548,161.486,171.898,100.939,55.069
1273.0,131.476,160.594,170.945,100.88,55.139
1274.0,131.475,159.708,170.053,100.731,55.161
1275.0,131.502,158.905,169.216,100.71,55.257
1276.0,131.512,158.137,168.411,100.57,55.422
1277.0,131.536,157.311,167.496,100.499,55.529
1278.0,131.503,156.552,166.662,100.414,55.633
1279.0,131.51,155.78,165.93,100.298,55.763
1280.0,131.519,155.106,165.123,100.315,55.843
1281.0,131.513,154.355,164.279,100.175,55.871
1282.0,131.537,153.684,163.572,100.151,56.088
1283.0,131.564,152.951,162.748,100.109,56.161
1284.0,131.541,152.289,162.004,100.046,56.32
1285.0,131.517,151.589,161.238,99.952,56.454
1286.0,131.55,150.884,160.475,99.862,56.574
1287.0,131.532,150.235,159.782,99.798,56.634
1288.0,131.515,149.55,159.045,99.748,56.715
1289.0,131.415,148.864,158.255,99.619,56.743
1290.0,131.45,148.222,157.648,99.536,56.877
1291.0,131.411,147.535,156.891,99.46,56.98
1292.0,131.361,146.934,156.213,99.354,57.112
1293.0,131.388,146.336,155.54,99.323,57.146
1294.0,131.292,145.646,154.823,99.246,57.248
1295.0,131.238,145.052,154.14,99.055,57.3
1296.0,131.179,144.441,153.511,99.035,57.432
1297.0,131.185,143.843,152.83,98.927,57.516
1298.0,131.115,143.22,152.195,98.868,57.582
1299.0,131.119,142.652,151.59,98.746,57.68
1300.0,130.99,142.061,150.923,98.599,57.711
1301.0,130.993,141.566,150.305,98.587,57.796
1302.0,130.868,140.936,149.672,98.427,57.887
1303.0,130.81,140.438,149.015,98.361,58.015
1304.0,130.718,139.91,148.498,98.349,58.108
1305.0,130.677,139.37,147.838,98.232,58.214
1306.0,130.596,138.857,147.233,98.187,58.242
1307.0,130.556,138.367,146.666,98.143,58.29
1308.0,130.51,137.936,146.086,97.999,58.374
1309.0,130.474,137.408,145.537,97.954,58.411
1310.0,130.369,136.926,144.958,97.82,58.477
1311.0,130.235,136.315,144.317,97.676,58.513
1312.0,130.142,135.84,143.82,97.564,58.675
1313.0,130.151,135.402,143.289,97.582,58.781
1314.0,130.041,134.829,142.714,97.453,58.782
1315.0,129.946,134.395,142.136,97.402,58.872
1316.0,129.816,133.862,141.652,97.26,58.905
1317.0,129.746,133.379,141.067,97.156,59.029
1318.0,129.649,132.839,140.543,97.095,59.102
1319.0,129.515,132.424,140.047,97.033,59.207
1320.0,129.323,131.901,139.506,96.965,59.274
1321.0,129.255,131.455,138.958,96.843,59.399
1322.0,129.143,130.97,138.491,96.746,59.457
1323.0,129.078,130.534,138.021,96.688,59.562
1324.0,128.931,130.004,137.452,96.535,59.597
1325.0,128.835,129.616,136.976,96.507,59.733
1326.0,128.754,129.213,136.484,96.393,59.812
1327.0,128.636,128.773,136.023,96.292,59.92
1328.0,128.511,128.358,135.539,96.225,59.956
1329.0,128.446,127.922,134.999,96.114,60.051
1330.0,128.268,127.49,134.529,96.019,60.087
1331.0,128.181,127.05,134.127,95.928,60.185
1332.0,128.048,126.565,133.599,95.831,60.295
1333.0,127.918,126.179,133.126,95.684,60.296
1334.0,127.841,125.787,132.717,95.685,60.444
1335.0,127.72,125.403,132.25,95.475,60.495
1336.0,127.64,125.022,131.812,95.397,60.621
1337.0,127.493,124.618,131.396,95.336,60.75
1338.0,127.399,124.227,130.919,95.223,60.756
1339.0,127.302,123.818,130.486,95.068,60.839
1340.0,127.19,123.427,130.082,94.976,60.855
1341.0,127.05,123.043,129.643,94.842,60.959
1342.0,126.937,122.601,129.162,94.796,60.978
1343.0,126.879,122.239,128.78,94.716,61.059
1344.0,126.759,121.864,128.348,94.61,61.124
1345.0,126.654,121.579,127.958,94.52,61.135
1346.0,126.517,121.206,127.545,94.442,61.226
1347.0,126.408,120.885,127.141,94.358,61.344
1348.0,126.261,120.538,126.719,94.234,61.387
1349.0,126.161,120.123,126.335,94.139,61.405
1350.0,125.989,119.836,125.928,94.035,61.486
1351.0,125.885,119.5,125.566,93.972,61.503
1352.0,125.738,119.163,125.162,93.877,61.587
1353.0,125.684,118.806,124.778,93.78,61.623
1354.0,125.49,118.468,124.367,93.651,61.662
1355.0,125.42,118.17,124.03,93.536,61.779
1356.0,125.273,117.792,123.597,93.472,61.826
1357.0,125.131,117.489,123.243,93.35,61.91
1358.0,124.958,117.114,122.88,93.263,61.975
1359.0,124.81,116.793,122.466,93.141,62.057
1360.0,124.67,116.449,122.117,93.096,62.078
1361.0,124.46,116.083,121.722,92.929,62.11
1362.0,124.265,115.82,121.37,92.859,62.176
1363.0,124.144,115.408,121.01,92.759,62.237
1364.0,124.025,115.122,120.687,92.697,62.282
1365.0,123.838,114.821,120.319,92.572,62.336
1366.0,123.676,114.485,119.968,92.467,62.354
1367.0,123.527,114.174,119.587,92.366,62.357
1368.0,123.404,113.886,119.275,92.243,62.47
1369.0,123.224,113.527,118.885,92.133,62.504
1370.0,123.145,113.247,118.537,92.06,62.547
1371.0,122.994,112.964,118.232,91.934,62.552
1372.0,122.768,112.585,117.828,91.771,62.586
1373.0,122.632,112.365,117.584,91.722,62.659
1374.0,122.433,111.98,117.193,91.573,62.64
1375.0,122.315,111.746,116.851,91.468,62.708
1376.0,122.221,111.527,116.575,91.434,62.732
1377.0,122.006,111.29,116.194,91.344,62.742
1378.0,121.9,110.976,115.93,91.326,62.828
1379.0,121.706,110.681,115.646,91.205,62.871
1380.0,121.544,110.404,115.254,91.093,62.932
1381.0,121.441,110.075,114.933,90.926,62.966
1382.0,121.247,109.796,114.555,90.885,62.945
1383.0,121.163,109.53,114.339,90.797,63.06
1384.0,121.015,109.257,113.967,90.715,63.163
1385.0,120.825,108.927,113.631,90.605,63.221
1386.0,120.711,108.711,113.393,90.531,63.305
1387.0,120.521,108.421,113.079,90.472,63.347
1388.0,120.365,108.145,112.76,90.36,63.372
1389.0,120.231,107.836,112.457,90.24,63.363
1390.0,120.022,107.633,112.184,90.114,63.385
1391.0,119.866,107.342,111.856,90.014,63.415
1392.0,119.702,107.084,111.571,89.942,63.389
1393.0,119.503,106.821,111.298,89.83,63.365
1394.0,119.375,106.542,110.983,89.69,63.472
1395.0,119.241,106.323,110.772,89.608,63.528
1396.0,119.065,106.063,110.378,89.495,63.538
1397.0,118.858,105.759,110.07,89.348,63.583
1398.0,118.807,105.548,109.862,89.326,63.633
1399.0,118.617,105.322,109.598,89.188,63.697
1400.0,118.475,105.048,109.287,89.129,63.754
1401.0,118.332,104.79,108.981,88.989,63.794
1402.0,118.202,104.529,108.761,88.925,63.765
1403.0,118.049,104.349,108.488,88.861,63.812
1404.0,117.801,104.054,108.185,88.648,63.833
1405.0,117.663,103.815,107.92,88.571,63.863
1406.0,117.468,103.552,107.631,88.473,63.822
1407.0,117.305,103.319,107.354,88.36,63.854
1408.0,117.163,103.137,107.11,88.304,63.904
1409.0,117.059,102.885,106.868,88.197,63.952
1410.0,116.828,102.666,106.599,88.096,63.938
1411.0,116.672,102.455,106.327,87.989,63.975
1412.0,116.5,102.274,106.134,87.986,64.087
1413.0,116.342,101.923,105.789,87.812,64.032
1414.0,116.18,101.717,105.575,87.761,64.02
1415.0,116.001,101.582,105.307,87.666,64.018
1416.0,115.826,101.335,105.061,87.582,64.055
1417.0,115.663,101.123,104.817,87.472,64.11
1418.0,115.558,100.941,104.564,87.407,64.19
1419.0,115.319,100.593,104.24,87.261,64.098
1420.0,115.132,100.389,104.045,87.11,64.087
1421.0,115.021,100.231,103.822,87.088,64.139
1422.0,114.827,99.974,103.593,86.974,64.174
1423.0,114.647,99.757,103.306,86.839,64.246
1424.0,114.44,99.544,103.078,86.744,64.158
1425.0,114.296,99.331,102.746,86.654,64.217
1426.0,114.13,99.11,102.554,86.479,64.197
1427.0,113.967,98.897,102.322,86.46,64.22
1428.0,113.874,98.656,102.059,86.323,64.252
1429.0,113.62,98.445,101.843,86.194,64.312
1430.0,113.476,98.245,101.614,86.159,64.307
1431.0,113.378,98.038,101.357,86.086,64.347
1432.0,113.162,97.835,101.1,85.991,64.339
1433.0,113.035,97.617,100.903,85.851,64.313
1434.0,112.849,97.456,100.681,85.789,64.329
1435.0,112.712,97.224,100.447,85.708,64.335
1436.0,112.569,97.042,100.242,85.658,64.357
1437.0,112.49,96.867,100.006,85.591,64.422
1438.0,112.356,96.735,99.815,85.513,64.451
1439.0,112.142,96.461,99.524,85.361,64.428
1440.0,111.961,96.246,99.358,85.287,64.395
1441.0,111.844,96.057,99.127,85.2,64.417
1442.0,111.725,95.881,98.901,85.1,64.487
1443.0,111.563,95.648,98.682,84.954,64.458
1444.0,111.416,95.498,98.426,84.846,64.473
1445.0,111.289,95.243,98.232,84.792,64.477
1446.0,111.124,95.13,98.025,84.711,64.486
1447.0,110.916,94.885,97.741,84.604,64.517
1448.0,110.784,94.634,97.544,84.568,64.499
1449.0,110.633,94.485,97.318,84.453,64.464
1450.0,110.494,94.292,97.193,84.366,64.464
1451.0,110.313,94.092,96.963,84.258,64.54
1452.0,110.146,93.858,96.725,84.16,64.444
1453.0,109.981,93.645,96.532,84.06,64.405
1454.0,109.749,93.452,96.314,83.933,64.366
1455.0,109.614,93.246,96.115,83.912,64.425
1456.0,109.396,92.969,95.838,83.702,64.331
1457.0,109.21,92.918,95.707,83.722,64.356
1458.0,109.053,92.688,95.49,83.599,64.392
1459.0,108.816,92.505,95.251,83.431,64.322
1460.0,108.651,92.284,95.061,83.364,64.295
1461.0,108.504,92.126,94.873,83.244,64.317
1462.0,108.302,91.925,94.688,83.123,64.378
1463.0,108.206,91.712,94.478,83.063,64.411
1464.0,108.058,91.591,94.31,83.0,64.367
1465.0,107.897,91.348,94.029,82.9,64.368
1466.0,107.77,91.214,93.929,82.826,64.408
1467.0,107.649,90.956,93.698,82.706,64.409
1468.0,107.506,90.852,93.5,82.62,64.411
1469.0,107.339,90.662,93.296,82.561,64.41
1470.0,107.246,90.474,93.125,82.472,64.436
1471.0,107.061,90.293,92.936,82.372,64.437
1472.0,106.936,90.129,92.766,82.282,64.499
1473.0,106.772,89.962,92.563,82.226,64.525
1474.0,106.547,89.741,92.331,82.082,64.476
1475.0,106.374,89.531,92.128,81.966,64.486
1476.0,106.199,89.404,91.994,81.908,64.467
1477.0,106.087,89.246,91.827,81.824,64.434
1478.0,105.853,89.017,91.57,81.708,64.392
1479.0,105.74,88.907,91.495,81.596,64.386
1480.0,105.557,88.65,91.175,81.516,64.283
1481.0,105.373,88.509,91.054,81.463,64.308
1482.0,105.258,88.416,90.929,81.36,64.326
1483.0,104.987,88.175,90.692,81.253,64.277
1484.0,104.964,88.115,90.525,81.197,64.373
1485.0,104.819,87.932,90.356,81.094,64.316
1486.0,104.67,87.723,90.177,80.973,64.344
1487.0,104.433,87.582,89.992,80.906,64.29
1488.0,104.325,87.364,89.751,80.797,64.259
1489.0,104.136,87.213,89.589,80.677,64.277
1490.0,104.086,87.121,89.451,80.711,64.285
1491.0,103.888,86.896,89.313,80.527,64.253
1492.0,103.685,86.725,89.149,80.466,64.208
1493.0,103.603,86.621,88.984,80.413,64.243
1494.0,103.359,86.337,88.699,80.224,64.159
1495.0,103.268,86.243,88.601,80.226,64.241
1496.0,103.068,86.058,88.396,80.065,64.136
1497.0,102.94,85.881,88.254,79.979,64.127
1498.0,102.814,85.774,88.138,79.951,64.157
1499.0,102.646,85.537,87.888,79.809,64.16
1500.0,102.41,85.405,87.766,79.747,64.074
1501.0,102.275,85.218,87.562,79.664,64.067
1502.0,102.148,85.095,87.387,79.627,64.046
1503.0,101.918,84.904,87.238,79.478,64.006
1504.0,101.803,84.753,87.105,79.383,64.02
1505.0,101.542,84.598,86.854,79.31,64.007
1506.0,101.391,84.501,86.774,79.255,64.051
1507.0,101.245,84.331,86.584,79.157,64.013
1508.0,101.082,84.155,86.453,79.106,64.058
1509.0,100.928,83.993,86.277,78.956,63.976
1510.0,100.734,83.821,86.096,78.839,63.933
1511.0,100.549,83.71,85.946,78.764,63.894
1512.0,100.402,83.568,85.794,78.72,63.895
1513.0,100.254,83.405,85.624,78.658,63.904
1514.0,100.025,83.248,85.431,78.533,63.818
1515.0,99.961,83.119,85.3,78.459,63.847
1516.0,99.855,82.995,85.149,78.435,63.86
1517.0,99.716,82.852,84.95,78.294,63.834
1518.0,99.608,82.679,84.826,78.206,63.853
1519.0,99.438,82.58,84.725,78.187,63.812
1520.0,99.349,82.396,84.566,78.045,63.751
1521.0,99.282,82.311,84.458,78.015,63.734
1522.0,99.074,82.101,84.215,77.89,63.611
1523.0,98.912,82.028,84.065,77.803,63.647
1524.0,98.744,81.848,83.907,77.685,63.586
1525.0,98.573,81.67,83.754,77.572,63.571
1526.0,98.315,81.501,83.545,77.467,63.621
1527.0,98.236,81.368,83.491,77.406,63.591
1528.0,98.158,81.253,83.367,77.371,63.635
1529.0,97.982,81.076,83.142,77.209,63.542
1530.0,97.889,80.88,83.009,77.146,63.528
1531.0,97.71,80.783,82.782,77.058,63.429
1532.0,97.621,80.693,82.718,77.037,63.42
1533.0,97.439,80.473,82.574,76.931,63.31
1534.0,97.302,80.387,82.451,76.882,63.329
1535.0,97.201,80.258,82.261,76.848,63.293
1536.0,97.02,80.138,82.096,76.734,63.278
1537.0,96.807,79.974,81.982,76.612,63.225
1538.0,96.736,79.858,81.842,76.58,63.231
1539.0,96.519,79.642,81.687,76.494,63.142
1540.0,96.434,79.518,81.525,76.4,63.089
1541.0,96.408,79.43,81.381,76.367,63.103
1542.0,96.289,79.304,81.277,76.281,63.133
1543.0,96.157,79.175,81.164,76.213,63.132
1544.0,95.953,79.048,80.991,76.081,63.101
1545.0,95.843,78.898,80.871,76.055,63.107
1546.0,95.693,78.725,80.726,75.982,63.079
1547.0,95.513,78.669,80.574,75.897,63.089
1548.0,95.376,78.484,80.42,75.766,63.063
1549.0,95.19,78.372,80.313,75.717,62.988
1550.0,95.075,78.244,80.182,75.56,62.955
1551.0,94.967,78.098,80.042,75.463,62.887
1552.0,94.837,78.008,79.933,75.41,62.9
1553.0,94.671,77.89,79.785,75.322,62.911
1554.0,94.506,77.734,79.603,75.247,62.877
1555.0,94.396,77.622,79.509,75.172,62.888
1556.0,94.303,77.483,79.409,75.129,62.88
1557.0,94.108,77.236,79.171,74.938,62.752
1558.0,93.956,77.18,79.116,74.951,62.711
1559.0,93.861,77.105,78.971,74.842,62.727
1560.0,93.687,77.021,78.832,74.822,62.708
1561.0,93.504,76.895,78.705,74.707,62.708
1562.0,93.404,76.824,78.554,74.638,62.7
1563.0,93.163,76.722,78.466,74.545,62.618
1564.0,93.093,76.663,78.353,74.475,62.589
1565.0,92.898,76.558,78.198,74.397,62.531
1566.0,92.68,76.417,77.977,74.212,62.463
1567.0,92.621,76.416,77.899,74.183,62.507
1568.0,92.515,76.369,77.793,74.114,62.471
1569.0,92.347,76.279,77.687,74.04,62.445
1570.0,92.232,76.212,77.604,73.974,62.455
1571.0,92.104,76.156,77.443,73.911,62.359
1572.0,92.03,76.07,77.365,73.865,62.391
1573.0,91.848,76.025,77.203,73.75,62.273
1574.0,91.733,75.966,77.09,73.669,62.197
1575.0,91.554,75.852,76.979,73.652,62.106
1576.0,91.423,75.795,76.891,73.558,62.082
1577.0,91.297,75.737,76.729,73.508,62.042
1578.0,91.141,75.654,76.638,73.399,62.037
1579.0,90.997,75.526,76.482,73.331,62.005
1580.0,90.922,75.535,76.494,73.318,62.06
1581.0,90.716,75.418,76.303,73.18,62.03
1582.0,90.604,75.396,76.244,73.161,62.031
1583.0,90.52,75.292,76.129,73.008,62.025
1584.0,90.337,75.296,75.997,72.928,61.957
1585.0,90.123,75.247,75.937,72.834,61.89
1586.0,89.917,75.228,75.874,72.737,61.793
1587.0,89.816,75.206,75.804,72.686,61.788
1588.0,89.569,75.227,75.733,72.618,61.8
1589.0,89.462,75.301,75.761,72.593,61.758
1590.0,89.308,75.261,75.601,72.578,61.76
1591.0,89.137,75.305,75.639,72.469,61.716
1592.0,89.034,75.323,75.571,72.402,61.667
1593.0,88.889,75.373,75.535,72.37,61.648
1594.0,88.76,75.391,75.493,72.272,61.597
1595.0,88.655,75.442,75.503,72.217,61.611
1596.0,88.477,75.475,75.481,72.173,61.524
1597.0,88.261,75.47,75.391,72.151,61.392
1598.0,88.157,75.424,75.355,72.042,61.419
1599.0,88.049,75.509,75.397,72.038,61.468
1600.0,87.788,75.53,75.3,71.932,61.367
1601.0,87.674,75.579,75.306,71.908,61.387
1602.0,87.519,75.638,75.336,71.806,61.349
1603.0,87.286,75.642,75.285,71.786,61.293
1604.0,87.107,75.68,75.275,71.71,61.222
1605.0,87.03,75.723,75.249,71.667,61.199
1606.0,86.814,75.741,75.195,71.577,61.173
1607.0,86.755,75.776,75.25,71.589,61.202
1608.0,86.512,75.815,75.183,71.506,61.121
1609.0,86.361,75.83,75.236,71.486,61.103
1610.0,86.247,75.849,75.2,71.401,61.093
1611.0,85.969,75.812,75.085,71.308,60.969
1612.0,85.808,75.943,75.168,71.3,60.978
1613.0,85.606,75.943,75.213,71.305,60.89
1614.0,85.508,75.985,75.198,71.211,60.897
1615.0,85.275,76.045,75.178,71.201,60.918
1616.0,85.13,76.043,75.167,71.17,60.816
1617.0,84.938,76.04,75.203,71.119,60.792
1618.0,84.791,76.05,75.196,71.103,60.825
1619.0,84.595,76.02,75.142,71.031,60.759
1620.0,84.457,76.117,75.19,71.091,60.744
1621.0,84.294,76.134,75.137,71.009,60.686
1622.0,84.187,76.185,75.181,70.964,60.651
1623.0,83.918,76.134,75.144,70.932,60.609
1624.0,83.868,76.187,75.178,70.919,60.587
1625.0,83.616,76.199,75.113,70.871,60.546
1626.0,83.503,76.2,75.162,70.798,60.589
1627.0,83.337,76.235,75.139,70.797,60.675
1628.0,83.125,76.24,75.163,70.77,60.662
1629.0,82.953,76.202,75.146,70.713,60.612
1630.0,82.833,76.244,75.144,70.734,60.597
1631.0,82.61,76.281,75.054,70.647,60.536
1632.0,82.422,76.258,75.052,70.573,60.503
1633.0,82.295,76.282,75.1,70.599,60.567
1634.0,82.135,76.276,75.085,70.536,60.543
1635.0,81.952,76.268,74.985,70.486,60.492
1636.0,81.818,76.216,75.057,70.461,60.523
1637.0,81.625,76.207,75.0,70.438,60.501
1638.0,81.496,76.19,75.034,70.387,60.444
1639.0,81.336,76.275,74.968,70.36,60.435
1640.0,81.2,76.228,75.005,70.38,60.541
1641.0,81.048,76.23,74.99,70.343,60.446
1642.0,80.923,76.245,74.971,70.346,60.501
1643.0,80.762,76.213,74.941,70.246,60.459
1644.0,80.636,76.256,74.913,70.24,60.472
1645.0,80.545,76.248,75.007,70.251,60.478
1646.0,80.321,76.154,74.894,70.168,60.461
1647.0,80.209,76.171,74.9,70.145,60.511
1648.0,80.084,76.183,74.905,70.116,60.494
1649.0,79.96,76.154,74.904,70.074,60.501
1650.0,79.892,76.151,74.867,70.056,60.542
1651.0,79.745,76.083,74.828,69.969,60.477
1652.0,79.605,76.097,74.833,70.039,60.543
1653.0,79.509,76.057,74.814,69.92,60.565
1654.0,79.355,76.036,74.813,69.892,60.554
1655.0,79.27,76.015,74.785,69.914,60.508
1656.0,79.253,76.049,74.825,69.948,60.582
1657.0,79.124,75.981,74.766,69.883,60.577
1658.0,78.994,75.965,74.755,69.839,60.455
1659.0,78.931,75.906,74.685,69.773,60.378
1660.0,78.839,75.919,74.696,69.798,60.477
1661.0,78.746,75.83,74.694,69.814,60.562
1662.0,78.563,75.846,74.63,69.684,60.532
1663.0,78.468,75.701,74.561,69.654,60.503
1664.0,78.366,75.769,74.628,69.666,60.522
1665.0,78.213,75.684,74.576,69.61,60.452
1666.0,78.072,75.623,74.572,69.543,60.508
1667.0,77.986,75.586,74.523,69.58,60.522
1668.0,77.954,75.569,74.558,69.587,60.591
1669.0,77.771,75.536,74.475,69.493,60.583
1670.0,77.665,75.536,74.488,69.47,60.621
1671.0,77.513,75.457,74.435,69.411,60.565
1672.0,77.357,75.455,74.44,69.377,60.593
1673.0,77.265,75.404,74.375,69.389,60.591
1674.0,77.102,75.381,74.406,69.29,60.554
1675.0,77.006,75.292,74.314,69.278,60.577
1676.0,76.938,75.301,74.309,69.227,60.589
1677.0,76.805,75.242,74.297,69.187,60.573
1678.0,76.683,75.202,74.227,69.17,60.589
1679.0,76.603,75.179,74.266,69.152,60.593
1680.0,76.492,75.14,74.196,69.109,60.581
1681.0,76.349,75.111,74.233,69.09,60.619
1682.0,76.214,74.992,74.1,68.995,60.543
1683.0,76.208,75.03,74.1,69.013,60.572
1684.0,76.108,75.015,74.089,68.966,60.488
1685.0,75.908,74.862,74.103,68.977,60.405
1686.0,75.879,74.82,74.031,68.924,60.461
1687.0,75.794,74.809,73.963,68.865,60.388
1688.0,75.694,74.756,73.929,68.858,60.449
1689.0,75.518,74.684,73.862,68.82,60.399
1690.0,75.524,74.64,73.935,68.877,60.385
1691.0,75.399,74.593,73.834,68.773,60.423
1692.0,75.406,74.578,73.867,68.755,60.442
1693.0,75.258,74.543,73.8,68.716,60.402
1694.0,75.157,74.44,73.708,68.625,60.355
1695.0,75.137,74.461,73.732,68.609,60.401
1696.0,74.961,74.32,73.672,68.554,60.402
1697.0,74.96,74.331,73.689,68.519,60.329
1698.0,74.807,74.214,73.576,68.428,60.339
1699.0,74.746,74.232,73.59,68.368,60.311
1700.0,74.661,74.171,73.585,68.369,60.338
1701.0,74.486,74.107,73.434,68.284,60.252
1702.0,74.428,74.111,73.449,68.247,60.393
1703.0,74.299,74.039,73.356,68.158,60.406
1704.0,74.186,74.032,73.348,68.092,60.45
1705.0,74.1,73.961,73.277,68.012,60.359
1706.0,73.91,73.886,73.207,67.915,60.273
1707.0,73.819,73.863,73.176,67.847,60.269
1708.0,73.741,73.781,73.13,67.761,60.225
1709.0,73.578,73.737,73.062,67.687,60.187
1710.0,73.476,73.664,72.962,67.618,60.192
1711.0,73.468,73.662,72.93,67.565,60.117
1712.0,73.391,73.597,72.889,67.473,60.054
1713.0,73.256,73.486,72.777,67.406,60.012
1714.0,73.147,73.523,72.747,67.335,59.986
1715.0,73.065,73.407,72.674,67.24,59.976
1716.0,72.941,73.325,72.55,67.141,59.936
1717.0,72.738,73.256,72.486,67.065,59.815
1718.0,72.713,73.226,72.428,66.967,59.825
1719.0,72.563,73.22,72.404,66.966,59.84
1720.0,72.485,73.078,72.225,66.819,59.687
1721.0,72.373,73.017,72.147,66.795,59.7
1722.0,72.216,72.977,72.063,66.689,59.657
1723.0,72.05,72.965,71.904,66.565,59.536
1724.0,71.978,72.854,71.791,66.407,59.512
1725.0,71.936,72.863,71.752,66.355,59.528
1726.0,71.917,72.776,71.648,66.346,59.499
1727.0,71.843,72.72,71.622,66.24,59.495
1728.0,71.753,72.587,71.411,66.063,59.429
1729.0,71.775,72.558,71.405,66.074,59.462
1730.0,71.585,72.493,71.228,65.947,59.379
1731.0,71.584,72.368,71.171,65.871,59.386
1732.0,71.473,72.333,71.105,65.791,59.323
1733.0,71.421,72.33,70.973,65.698,59.329
1734.0,71.327,72.218,70.959,65.659,59.374
1735.0,71.288,72.179,70.804,65.579,59.355
1736.0,71.172,72.139,70.758,65.512,59.349
1737.0,71.126,72.046,70.655,65.39,59.362
1738.0,71.003,71.952,70.483,65.258,59.213
1739.0,70.95,71.86,70.405,65.136,59.235
1740.0,70.855,71.8,70.309,65.079,59.239
1741.0,70.748,71.722,70.184,64.979,59.132
1742.0,70.617,71.628,70.132,64.948,59.168
1743.0,70.536,71.61,70.034,64.854,59.151
1744.0,70.525,71.59,69.956,64.822,59.101
1745.0,70.438,71.519,69.849,64.72,59.072
1746.0,70.272,71.415,69.73,64.619,59.036
1747.0,70.217,71.374,69.683,64.602,59.015
1748.0,70.054,71.303,69.515,64.466,58.97
1749.0,70.078,71.232,69.468,64.37,58.994
1750.0,69.989,71.174,69.329,64.296,58.94
1751.0,70.279,71.131,70.532,64.618,58.921
1752.0,71.52,71.584,81.275,74.582,59.014
1753.0,71.118,72.48,86.489,87.68,59.299
1754.0,70.722,73.097,94.073,100.484,59.481
1755.0,70.81,73.585,101.975,112.857,59.717
1756.0,70.775,74.358,107.541,124.652,59.976
1757.0,71.823,74.836,113.812,135.445,60.198
1758.0,70.867,75.1,123.092,145.19,60.399
1759.0,70.418,75.57,131.566,153.126,60.559
1760.0,70.363,75.903,139.374,160.985,60.8
1761.0,70.963,76.355,143.046,169.366,61.091
1762.0,71.475,76.617,150.489,178.823,61.27
1763.0,70.542,76.755,157.617,187.427,61.474
1764.0,69.782,77.061,163.662,195.194,61.725
1765.0,69.437,77.306,169.607,202.187,61.892
1766.0,70.402,77.261,175.592,208.945,62.188
1767.0,70.786,77.517,181.202,211.728,62.296
1768.0,70.405,77.807,186.312,212.151,62.419
1769.0,70.209,77.989,191.944,217.803,62.675
1770.0,70.433,78.043,196.754,223.239,62.968
1771.0,69.488,78.143,202.849,228.191,63.078
1772.0,69.269,78.223,207.762,232.95,63.357
1773.0,69.589,78.611,211.249,237.405,63.586
1774.0,69.478,78.854,221.344,251.689,63.79
1775.0,69.001,78.915,225.128,256.005,64.023
1776.0,68.672,79.225,233.38,265.197,64.244
1777.0,68.548,79.624,236.988,268.514,64.536
1778.0,68.742,79.615,237.998,272.038,64.854
1779.0,68.687,79.84,241.105,275.838,65.024
1780.0,68.672,80.122,244.321,279.013,65.36
1781.0,68.422,80.118,249.474,281.514,65.575
1782.0,68.44,80.307,252.533,281.792,65.824
1783.0,68.366,80.494,254.122,284.412,66.154
1784.0,68.375,80.847,256.828,289.831,66.521
1785.0,68.259,81.082,260.504,290.091,66.754
1786.0,68.133,81.177,260.293,290.804,67.085
1787.0,68.161,81.464,261.678,294.482,67.301
1788.0,68.078,81.83,266.196,296.809,67.656
1789.0,68.1,81.77,270.706,297.154,67.987
1790.0,67.984,82.098,267.048,301.445,68.309
1791.0,67.941,82.361,271.923,304.062,68.638
1792.0,67.832,82.429,275.426,303.198,69.025
1793.0,67.872,82.992,277.427,306.522,69.426
1794.0,67.693,83.258,278.045,310.558,69.787
1795.0,67.694,83.27,279.061,312.832,70.123
1796.0,67.728,83.552,278.12,312.502,70.491
1797.0,67.528,83.728,280.901,312.588,70.796
1798.0,67.441,83.995,285.097,317.436,71.134
1799.0,67.466,84.429,286.236,316.969,71.508
1800.0,67.389,84.622,289.543,320.58,71.853
1801.0,67.302,84.741,290.93,320.736,72.31
1802.0,67.224,85.019,291.468,319.304,72.705
1803.0,67.083,85.169,294.159,322.729,73.082
1804.0,67.167,85.522,294.809,322.092,73.536
1805.0,67.093,85.997,294.62,324.503,73.907
1806.0,67.008,86.254,298.024,326.325,74.238
1807.0,66.881,86.498,295.976,326.891,74.718
1808.0,66.76,86.906,298.393,326.85,75.135
1809.0,66.935,87.011,301.408,329.231,75.6
1810.0,66.592,87.591,300.899,329.835,75.937
1811.0,66.524,87.763,299.735,333.545,76.482
1812.0,66.599,88.01,304.509,333.436,76.966
1813.0,66.416,88.345,306.947,331.462,77.366
1814.0,66.485,88.595,306.426,333.533,77.822
1815.0,66.294,88.877,307.593,334.585,78.291
1816.0,66.345,89.192,306.307,336.259,78.779
1817.0,66.379,89.636,303.451,337.722,79.278
1818.0,66.449,89.864,306.171,339.611,79.71
1819.0,66.19,90.372,311.911,336.763,80.287
1820.0,66.272,90.503,310.65,341.404,80.74
1821.0,66.258,91.055,315.635,343.393,81.308
1822.0,66.345,91.191,312.758,340.624,81.717
1823.0,66.12,91.578,314.718,341.626,82.164
1824.0,66.258,91.819,314.197,345.21,82.721
1825.0,66.095,92.074,318.121,347.986,83.082
1826.0,66.041,92.48,317.719,345.535,83.626
1827.0,65.958,92.674,317.508,344.133,84.171
1828.0,66.013,93.165,317.985,348.589,84.705
1829.0,66.114,93.252,318.232,348.462,85.112
1830.0,66.176,93.554,319.136,351.438,85.691
1831.0,66.007,94.15,320.001,350.095,86.255
1832.0,66.09,94.39,322.883,352.608,86.683
1833.0,65.931,94.522,322.519,351.148,87.093
1834.0,65.903,94.795,320.879,352.916,87.718
1835.0,65.885,95.369,319.509,350.104,88.326
1836.0,66.123,95.515,326.28,351.944,89.003
1837.0,66.053,95.858,322.708,353.046,89.491
1838.0,65.868,96.163,328.239,356.148,90.054
1839.0,65.809,96.468,326.918,355.105,90.547
1840.0,65.867,97.041,328.398,360.348,91.175
1841.0,65.756,97.189,326.926,356.266,91.698
1842.0,65.857,97.785,330.013,354.311,92.27
1843.0,65.702,98.099,331.486,356.628,92.823
1844.0,65.766,98.377,331.723,360.725,93.33
1845.0,65.637,98.649,331.37,362.605,93.838
1846.0,65.683,99.184,330.989,361.516,94.293
1847.0,65.626,99.394,334.783,360.633,94.757
1848.0,65.598,99.773,335.411,366.517,95.354
1849.0,65.669,100.132,336.477,365.159,95.843
1850.0,65.536,100.51,336.797,365.542,96.357
1851.0,65.557,100.885,337.128,361.906,96.898
1852.0,65.47,101.182,336.015,366.646,97.378
1853.0,65.465,101.3,336.016,368.003,97.974
1854.0,65.416,101.93,339.871,370.08,98.427
1855.0,65.403,102.205,336.875,373.391,98.833
1856.0,65.411,102.52,338.632,373.574,99.381
1857.0,65.222,102.717,338.47,375.746,99.801
1858.0,65.347,102.995,342.067,377.027,100.288
1859.0,65.09,103.617,338.994,375.23,100.857
1860.0,65.05,104.001,339.064,378.049,101.281
1861.0,65.133,104.203,342.104,376.198,101.802
1862.0,65.007,104.822,339.794,379.218,102.33
1863.0,64.902,104.889,341.311,378.999,102.775
1864.0,65.021,104.874,324.741,366.157,103.366
1865.0,64.955,104.368,318.073,355.888,103.77
1866.0,64.882,104.061,314.596,350.745,104.013
1867.0,64.854,103.822,310.845,345.616,104.266
1868.0,64.821,103.72,306.966,340.452,104.596
1869.0,64.714,103.469,303.024,335.249,104.769
1870.0,64.665,103.363,299.142,330.255,105.033
1871.0,64.679,103.262,295.232,325.392,105.343
1872.0,64.635,103.269,291.483,320.655,105.61
1873.0,64.551,103.186,287.802,316.012,105.828
1874.0,64.567,103.134,283.803,311.569,106.157
1875.0,64.574,103.156,278.38,307.303,106.495
1876.0,64.555,103.091,274.094,303.119,106.75
1877.0,64.531,103.056,271.078,299.135,107.042
1878.0,64.515,103.103,268.15,295.246,107.372
1879.0,64.546,103.139,265.255,291.546,107.603
1880.0,64.598,103.142,262.594,287.994,107.973
1881.0,64.584,103.169,259.854,284.547,108.303
1882.0,64.583,103.206,257.286,281.191,108.554
1883.0,64.583,103.333,254.762,278.046,108.88
1884.0,64.507,103.355,252.32,274.992,109.118
1885.0,64.439,103.394,249.882,271.993,109.413
1886.0,64.419,103.443,247.595,269.089,109.761
1887.0,64.391,103.45,245.263,266.171,109.958
1888.0,64.418,103.534,243.153,263.159,110.311
1889.0,64.428,103.605,241.014,260.259,110.563
1890.0,64.444,103.696,238.951,257.698,111.023
1891.0,64.384,103.636,236.887,255.179,111.209
1892.0,64.43,103.75,234.911,252.803,111.547
1893.0,64.479,103.79,233.092,250.469,111.818
1894.0,64.548,103.881,231.217,248.217,112.133
1895.0,64.474,103.869,229.308,245.913,112.364
1896.0,64.5,103.878,227.523,243.728,112.624
1897.0,64.51,103.895,225.76,241.671,112.897
1898.0,64.56,103.919,224.031,239.593,113.089
1899.0,64.604,103.972,222.481,237.671,113.443
1900.0,64.605,104.058,220.815,235.731,113.64
1901.0,64.614,104.05,219.26,233.913,113.873
1902.0,64.717,104.13,217.762,232.12,114.138
1903.0,64.704,104.084,216.145,230.295,114.228
1904.0,64.716,104.141,214.694,228.625,114.559
1905.0,64.723,104.117,213.21,226.875,114.75
1906.0,64.703,104.133,211.814,225.272,115.035
1907.0,64.762,104.161,210.37,223.705,115.216
1908.0,64.785,104.229,209.01,222.106,115.459
1909.0,64.726,104.169,207.597,220.557,115.585
1910.0,64.818,104.231,206.354,219.074,115.876
1911.0,64.802,104.199,205.03,217.615,116.085
1912.0,64.866,104.268,203.786,216.191,116.294
1913.0,64.95,104.272,202.631,214.794,116.512
1914.0,64.932,104.276,201.338,213.357,116.655
1915.0,64.924,104.264,200.154,211.96,116.886
1916.0,64.972,104.269,198.979,210.674,117.116
1917.0,65.03,104.29,197.829,209.381,117.315
1918.0,64.949,104.188,196.644,208.028,117.448
1919.0,65.039,104.264,195.563,206.783,117.618
1920.0,65.038,104.23,194.499,205.556,117.73
1921.0,65.103,104.191,193.395,204.328,117.886
1922.0,65.163,104.255,192.388,203.184,118.052
1923.0,65.123,104.159,191.314,201.956,118.156
1924.0,65.114,104.182,190.246,200.826,118.336
1925.0,65.199,104.091,189.167,199.661,118.417
1926.0,65.237,104.105,188.284,198.527,118.591
1927.0,65.242,104.084,187.227,197.451,118.74
1928.0,65.247,104.074,186.214,196.309,118.821
1929.0,65.248,104.011,185.257,195.229,118.99
1930.0,65.31,103.975,184.353,194.232,119.085
1931.0,65.336,103.972,183.421,193.28,119.245
1932.0,65.407,103.974,182.561,192.224,119.477
1933.0,65.406,103.917,181.661,191.183,119.557
1934.0,65.428,103.911,180.736,190.209,119.555
1935.0,65.403,103.806,179.79,189.274,119.619
1936.0,65.369,103.799,178.945,188.225,119.625
1937.0,65.38,103.787,178.007,187.302,119.739
1938.0,65.355,103.655,177.236,186.372,119.807
1939.0,65.438,103.723,176.41,185.514,120.001
1940.0,65.38,103.588,175.532,184.602,120.059
1941.0,65.41,103.551,174.726,183.667,120.08
1942.0,65.458,103.44,173.89,182.794,120.191
1943.0,65.58,103.496,173.196,182.038,120.306
1944.0,65.546,103.418,172.356,181.097,120.369
1945.0,65.61,103.351,171.562,180.283,120.428
1946.0,65.74,103.335,170.858,179.461,120.477
1947.0,65.789,103.316,170.15,178.726,120.574
1948.0,65.797,103.223,169.381,177.853,120.606
1949.0,65.816,103.195,168.601,177.136,120.631
1950.0,65.847,103.109,167.887,176.126,120.644
1951.0,65.875,103.105,167.22,175.327,120.741
1952.0,65.831,103.006,166.466,174.224,120.676
1953.0,65.929,102.994,165.822,173.496,120.77
1954.0,65.96,102.88,165.101,172.734,120.793
1955.0,65.916,102.814,164.404,171.989,120.825
1956.0,65.987,102.746,163.758,171.297,120.908
1957.0,65.938,102.62,163.061,170.518,120.9
1958.0,66.008,102.538,162.38,169.792,120.895
1959.0,66.048,102.516,161.752,169.136,120.979
1960.0,66.08,102.416,161.056,168.424,121.041
1961.0,66.049,102.366,160.454,167.743,121.067
1962.0,66.109,102.273,159.79,167.0,121.061
1963.0,66.187,102.324,159.234,166.37,121.1
1964.0,66.183,102.18,158.637,165.705,121.09
1965.0,66.245,102.166,157.934,165.095,121.078
1966.0,66.243,102.126,157.381,164.494,121.07
1967.0,66.253,102.047,156.744,163.845,121.013
1968.0,66.298,101.974,156.153,163.18,121.016
1969.0,66.254,101.896,155.561,162.596,120.992
1970.0,66.404,101.869,154.966,162.028,121.033
1971.0,66.405,101.745,154.351,161.398,120.999
1972.0,66.437,101.683,153.743,160.782,120.917
1973.0,66.47,101.54,153.206,160.209,120.92
1974.0,66.517,101.484,152.64,159.673,120.91
1975.0,66.535,101.419,152.089,159.081,120.921
1976.0,66.573,101.332,151.516,158.496,120.903
1977.0,66.622,101.235,150.978,157.964,120.8
1978.0,66.649,101.121,150.394,157.423,120.806
1979.0,66.721,101.074,149.913,156.876,120.819
1980.0,66.757,101.008,149.347,156.363,120.784
1981.0,66.836,100.9,148.833,155.789,120.793
1982.0,66.828,100.825,148.252,155.204,120.785
1983.0,66.949,100.751,147.774,154.77,120.796
1984.0,66.954,100.616,147.259,154.273,120.672
1985.0,67.044,100.583,146.798,153.69,120.706
1986.0,67.057,100.506,146.273,153.208,120.67
1987.0,67.041,100.389,145.716,152.651,120.467
1988.0,67.13,100.252,145.183,152.104,120.462
1989.0,67.155,100.151,144.73,151.654,120.432
1990.0,67.213,100.071,144.28,151.133,120.384
1991.0,67.251,100.013,143.748,150.6,120.398
1992.0,67.346,99.881,143.286,150.16,120.364
1993.0,67.343,99.738,142.825,149.625,120.232
1994.0,67.294,99.631,142.306,149.141,120.158
1995.0,67.441,99.54,141.829,148.704,120.157
1996.0,67.406,99.46,141.385,148.227,120.148
1997.0,67.455,99.333,140.913,147.744,120.031
1998.0,67.493,99.272,140.498,147.346,120.025
1999.0,67.531,99.182,140.024,146.866,119.923
2000.0,67.553,98.983,139.542,146.409,119.865
2001.0,67.604,98.979,139.143,145.96,119.86
2002.0,67.601,98.854,138.695,145.455,119.725
2003.0,67.64,98.749,138.287,145.061,119.697
2004.0,67.698,98.657,137.849,144.549,119.605
2005.0,67.725,98.607,137.406,144.212,119.597
2006.0,67.748,98.46,136.97,143.722,119.535
2007.0,67.736,98.351,136.542,143.332,119.466
2008.0,67.701,98.302,136.081,142.916,119.383
2009.0,67.769,98.153,135.608,142.437,119.294
2010.0,67.732,98.052,135.212,142.046,119.261
2011.0,67.841,97.967,134.858,141.7,119.194
2012.0,67.864,97.928,134.448,141.308,119.034
2013.0,67.884,97.815,134.051,140.867,118.938
2014.0,67.928,97.714,133.604,140.463,118.806
2015.0,67.915,97.569,133.208,140.118,118.763
2016.0,67.971,97.545,132.85,139.733,118.694
2017.0,67.931,97.398,132.396,139.271,118.551
2018.0,67.931,97.313,132.05,138.935,118.53
2019.0,67.905,97.267,131.654,138.524,118.348
2020.0,67.943,97.191,131.312,138.139,118.356
2021.0,67.94,97.09,130.93,137.786,118.33
2022.0,67.916,96.931,130.528,137.306,118.12
2023.0,67.955,96.863,130.206,137.021,118.067
2024.0,67.895,96.794,129.795,136.564,117.994
2025.0,68.051,96.675,129.43,136.206,117.965
2026.0,68.101,96.582,129.087,135.955,117.964
2027.0,68.057,96.42,128.699,135.526,117.732
2028.0,68.123,96.344,128.367,135.16,117.716
2029.0,68.184,96.207,127.989,134.786,117.61
2030.0,68.185,96.085,127.545,134.404,117.5
2031.0,68.296,95.952,127.223,134.139,117.436
2032.0,68.283,95.827,126.833,133.753,117.319
2033.0,68.361,95.766,126.535,133.373,117.223
2034.0,68.382,95.639,126.203,133.015,117.113
2035.0,68.39,95.488,125.893,132.698,117.043
2036.0,68.397,95.355,125.509,132.348,116.945
2037.0,68.505,95.314,125.206,132.035,116.92
2038.0,68.473,95.2,124.85,131.665,116.776
2039.0,68.585,95.112,124.513,131.335,116.697
2040.0,68.604,94.944,124.163,131.025,116.544
2041.0,68.582,94.83,123.828,130.653,116.412
2042.0,68.618,94.704,123.465,130.354,116.309
2043.0,68.561,94.603,123.134,130.012,116.199
2044.0,68.617,94.561,122.875,129.751,116.129
2045.0,68.622,94.411,122.52,129.366,116.003
2046.0,68.625,94.233,122.229,129.062,115.921
2047.0,68.703,94.177,121.893,128.788,115.828
2048.0,68.751,94.047,121.568,128.443,115.747
2049.0,68.77,94.019,121.294,128.17,115.664
2050.0,68.749,93.856,120.884,127.782,115.48
2051.0,68.68,93.69,120.572,127.459,115.371
2052.0,68.758,93.631,120.332,127.212,115.269
2053.0,68.818,93.55,119.999,126.904,115.186
2054.0,68.791,93.487,119.684,126.586,115.109
2055.0,68.783,93.355,119.354,126.299,115.016
2056.0,68.8,93.246,119.091,126.036,114.86
2057.0,68.849,93.183,118.845,125.741,114.786
2058.0,68.827,93.022,118.5,125.439,114.581
2059.0,68.838,92.955,118.194,125.114,114.457
2060.0,68.883,92.887,117.885,124.888,114.399
2061.0,68.915,92.794,117.656,124.605,114.266
2062.0,68.924,92.636,117.394,124.292,114.167
2063.0,68.909,92.562,117.047,124.055,114.054
2064.0,68.882,92.415,116.724,123.697,113.889
2065.0,68.928,92.336,116.458,123.421,113.768
2066.0,68.961,92.241,116.23,123.229,113.605
2067.0,68.945,92.209,115.946,122.89,113.487
2068.0,68.957,92.117,115.631,122.676,113.437
2069.0,68.962,91.994,115.361,122.404,113.234
2070.0,68.954,91.838,115.08,122.118,113.136
2071.0,68.923,91.736,114.775,121.83,113.054
2072.0,68.935,91.619,114.553,121.575,112.989
2073.0,68.934,91.515,114.242,121.383,112.848
2074.0,68.9,91.383,113.96,121.026,112.684
2075.0,68.968,91.399,113.777,120.826,112.692
2076.0,68.932,91.229,113.474,120.525,112.568
2077.0,68.96,91.147,113.276,120.331,112.422
2078.0,68.867,91.086,113.011,120.056,112.364
2079.0,68.83,90.884,112.663,119.738,112.232
2080.0,68.84,90.844,112.381,119.473,112.072
2081.0,68.823,90.775,112.19,119.251,111.943
2082.0,68.878,90.755,111.995,119.029,111.927
2083.0,68.82,90.533,111.71,118.75,111.745
2084.0,68.868,90.549,111.408,118.467,111.644
2085.0,68.847,90.34,111.185,118.234,111.564
2086.0,68.867,90.27,110.926,117.983,111.391
2087.0,68.845,90.14,110.687,117.721,111.256
2088.0,68.847,90.045,110.47,117.482,111.157
2089.0,68.9,89.998,110.286,117.282,111.041
2090.0,68.946,89.813,109.948,117.014,110.901
2091.0,68.983,89.735,109.761,116.766,110.851
2092.0,68.906,89.665,109.467,116.531,110.693
2093.0,68.91,89.553,109.215,116.213,110.624
2094.0,68.934,89.419,109.016,116.092,110.515
2095.0,68.986,89.319,108.782,115.845,110.37
2096.0,68.985,89.215,108.524,115.634,110.269
2097.0,69.002,89.121,108.244,115.376,110.128
2098.0,68.957,89.004,108.036,115.114,109.951
2099.0,68.987,88.905,107.765,114.846,109.803
2100.0,69.015,88.791,107.579,114.644,109.76
2101.0,69.004,88.643,107.256,114.354,109.601
2102.0,68.954,88.574,107.109,114.186,109.488
2103.0,68.881,88.472,106.855,113.905,109.372
2104.0,68.898,88.423,106.618,113.697,109.25
2105.0,69.02,88.315,106.45,113.575,109.179
2106.0,68.843,88.186,106.193,113.279,108.956
2107.0,68.926,88.14,106.011,113.1,108.911
2108.0,68.845,88.017,105.782,112.832,108.789
2109.0,68.864,87.943,105.558,112.662,108.661
2110.0,68.854,87.82,105.349,112.4,108.514
2111.0,68.839,87.755,105.106,112.205,108.438
2112.0,68.888,87.641,104.896,112.004,108.332
2113.0,68.834,87.533,104.673,111.802,108.17
2114.0,68.825,87.467,104.433,111.545,108.062
2115.0,68.889,87.247,104.257,111.391,107.947
2116.0,68.815,87.182,103.977,111.104,107.799
2117.0,68.86,87.087,103.767,110.948,107.682
2118.0,68.887,86.947,103.586,110.719,107.524
2119.0,68.866,86.837,103.317,110.482,107.359
2120.0,68.881,86.708,103.176,110.269,107.291
2121.0,68.781,86.619,102.921,110.081,107.16
2122.0,68.815,86.586,102.781,109.885,107.03
2123.0,68.794,86.432,102.484,109.622,106.907
2124.0,68.845,86.336,102.326,109.453,106.802
2125.0,68.751,86.287,102.143,109.235,106.631
2126.0,68.765,86.172,101.906,109.045,106.513
2127.0,68.785,86.063,101.781,108.867,106.374
2128.0,68.721,85.947,101.484,108.655,106.166
2129.0,68.725,85.865,101.332,108.448,106.141
2130.0,68.684,85.777,101.118,108.303,105.987
2131.0,68.679,85.713,100.9,108.04,105.857
2132.0,68.627,85.598,100.715,107.878,105.786
2133.0,68.571,85.531,100.557,107.664,105.618
2134.0,68.625,85.436,100.358,107.477,105.592
2135.0,68.516,85.272,100.117,107.226,105.385
2136.0,68.513,85.22,99.921,107.102,105.343
2137.0,68.505,85.126,99.719,106.875,105.215
2138.0,68.457,84.945,99.519,106.698,104.994
2139.0,68.432,84.9,99.422,106.53,104.924
2140.0,68.409,84.801,99.158,106.282,104.815
2141.0,68.43,84.723,99.001,106.15,104.721
2142.0,68.467,84.641,98.741,105.905,104.634
2143.0,68.363,84.518,98.559,105.698,104.468
2144.0,68.448,84.498,98.439,105.589,104.38
2145.0,68.395,84.393,98.18,105.355,104.184
2146.0,68.344,84.275,98.074,105.185,104.105
2147.0,68.308,84.178,97.86,104.968,103.948
2148.0,68.363,84.117,97.652,104.798,103.862
2149.0,68.435,84.043,97.577,104.689,103.809
2150.0,68.338,83.917,97.299,104.46,103.585
2151.0,68.35,83.836,97.137,104.268,103.498
2152.0,68.361,83.707,97.021,104.076,103.354
2153.0,68.333,83.595,96.739,103.875,103.114
2154.0,68.278,83.509,96.616,103.713,102.972
2155.0,68.275,83.414,96.359,103.469,102.884
2156.0,68.248,83.329,96.199,103.372,102.801
2157.0,68.198,83.217,96.047,103.16,102.627
2158.0,68.17,83.101,95.81,102.941,102.594
2159.0,68.235,82.998,95.7,102.836,102.527
2160.0,68.204,82.926,95.52,102.684,102.355
2161.0,68.164,82.779,95.335,102.406,102.162
2162.0,68.118,82.724,95.137,102.25,102.078
2163.0,68.103,82.593,94.974,102.061,101.994
2164.0,68.084,82.512,94.818,101.908,101.881
2165.0,68.064,82.446,94.685,101.692,101.675
2166.0,68.061,82.357,94.457,101.504,101.571
2167.0,68.054,82.278,94.379,101.408,101.529
2168.0,67.925,82.125,94.111,101.208,101.279
2169.0,67.964,82.071,93.957,101.01,101.195
2170.0,67.922,81.935,93.78,100.825,101.029
2171.0,67.945,81.902,93.723,100.788,101.011
2172.0,67.893,81.773,93.537,100.484,100.793
2173.0,67.826,81.683,93.37,100.373,100.728
2174.0,67.788,81.631,93.164,100.183,100.623
2175.0,67.767,81.553,93.08,100.034,100.46
2176.0,67.761,81.415,92.789,99.817,100.334
2177.0,67.723,81.358,92.703,99.691,100.29
2178.0,67.66,81.253,92.529,99.451,100.067
2179.0,67.662,81.172,92.34,99.336,100.014
2180.0,67.678,81.089,92.23,99.153,99.941
2181.0,67.589,80.997,92.037,98.995,99.759
2182.0,67.591,80.865,91.84,98.798,99.601
2183.0,67.522,80.841,91.702,98.683,99.509
2184.0,67.517,80.709,91.561,98.498,99.413
2185.0,67.428,80.633,91.422,98.359,99.209
2186.0,67.438,80.568,91.223,98.207,99.068
2187.0,67.343,80.433,91.023,97.978,98.936
2188.0,67.326,80.403,90.904,97.864,98.891
2189.0,67.32,80.264,90.783,97.733,98.759
2190.0,67.289,80.163,90.618,97.603,98.62
2191.0,67.299,80.068,90.454,97.464,98.6
2192.0,67.287,80.02,90.334,97.337,98.45
2193.0,67.244,79.838,90.138,97.092,98.328
2194.0,67.27,79.838,90.052,97.035,98.241
2195.0,67.128,79.656,89.834,96.788,98.056
2196.0,67.126,79.604,89.676,96.677,97.985
2197.0,67.087,79.503,89.483,96.478,97.775
2198.0,67.015,79.409,89.378,96.281,97.708
2199.0,66.997,79.313,89.257,96.135,97.586
2200.0,66.977,79.264,89.118,95.999,97.497
2201.0,66.936,79.156,88.949,95.848,97.388
2202.0,66.9,79.142,88.827,95.674,97.239
2203.0,66.914,79.017,88.635,95.544,97.122
2204.0,66.811,78.885,88.51,95.346,96.956
2205.0,66.785,78.824,88.355,95.243,96.871
2206.0,66.766,78.749,88.227,95.101,96.713
2207.0,66.699,78.684,88.077,94.982,96.6
2208.0,66.661,78.646,87.875,94.818,96.408
2209.0,66.649,78.482,87.773,94.65,96.306
2210.0,66.635,78.392,87.647,94.49,96.141
2211.0,66.567,78.283,87.45,94.354,96.036
2212.0,66.532,78.19,87.345,94.235,95.988
2213.0,66.481,78.12,87.183,94.069,95.845
2214.0,66.45,78.024,87.042,93.899,95.742
2215.0,66.427,77.967,86.9,93.715,95.66
2216.0,66.376,77.806,86.758,93.628,95.465
2217.0,66.285,77.783,86.55,93.443,95.339
2218.0,66.219,77.677,86.442,93.253,95.19
2219.0,66.261,77.597,86.359,93.175,95.162
2220.0,66.223,77.523,86.151,92.961,95.011
2221.0,66.238,77.453,86.121,92.917,94.95
2222.0,66.198,77.403,85.965,92.784,94.801
2223.0,66.181,77.299,85.775,92.634,94.708
2224.0,66.171,77.197,85.695,92.519,94.658
2225.0,66.082,77.121,85.536,92.307,94.541
2226.0,66.033,77.006,85.329,92.199,94.407
2227.0,66.047,76.899,85.268,92.049,94.329
2228.0,66.004,76.801,85.066,91.934,94.13
2229.0,65.965,76.737,85.006,91.83,94.027
2230.0,65.939,76.668,84.848,91.716,93.923
2231.0,65.982,76.548,84.713,91.529,93.837
2232.0,65.91,76.473,84.596,91.379,93.724
2233.0,65.934,76.441,84.451,91.221,93.626
2234.0,65.855,76.283,84.321,91.097,93.463
2235.0,65.878,76.204,84.202,91.039,93.349
2236.0,65.73,76.112,84.062,90.77,93.206
2237.0,65.834,76.075,83.97,90.753,93.161
2238.0,65.77,75.965,83.846,90.547,93.009
2239.0,65.754,75.934,83.74,90.494,92.956
2240.0,65.633,75.775,83.537,90.284,92.717
2241.0,65.561,75.731,83.407,90.139,92.635
2242.0,65.551,75.701,83.293,90.014,92.532
2243.0,65.595,75.656,83.216,89.922,92.426
2244.0,65.475,75.468,83.036,89.716,92.304
2245.0,65.402,75.412,82.928,89.602,92.204
2246.0,65.404,75.345,82.794,89.436,92.124
2247.0,65.311,75.296,82.692,89.395,92.018
2248.0,65.269,75.154,82.556,89.154,91.848
2249.0,65.348,75.125,82.484,89.095,91.774
2250.0,65.303,75.047,82.359,88.962,91.584
2251.0,65.229,74.935,82.134,88.791,91.528
2252.0,65.158,74.809,82.026,88.701,91.355
2253.0,65.075,74.743,81.897,88.542,91.227
2254.0,65.127,74.711,81.804,88.407,91.163
2255.0,65.058,74.577,81.717,88.298,91.181
2256.0,65.08,74.546,81.592,88.186,91.102
2257.0,65.05,74.521,81.507,88.07,91.056
2258.0,64.946,74.355,81.326,87.935,90.887
2259.0,64.968,74.328,81.206,87.803,90.731
2260.0,64.884,74.215,81.127,87.671,90.581
2261.0,64.872,74.101,80.903,87.509,90.457
2262.0,64.847,74.094,80.904,87.442,90.372
2263.0,64.821,73.965,80.702,87.289,90.197
2264.0,64.715,73.891,80.617,87.133,90.108
2265.0,64.711,73.757,80.45,87.055,90.026
2266.0,64.598,73.701,80.37,86.973,89.873
2267.0,64.692,73.634,80.3,86.847,89.758
2268.0,64.635,73.555,80.057,86.691,89.627
2269.0,64.612,73.48,80.043,86.596,89.52
2270.0,64.588,73.364,79.885,86.473,89.474
2271.0,64.573,73.348,79.727,86.304,89.332
2272.0,64.463,73.264,79.659,86.234,89.148
2273.0,64.48,73.198,79.503,86.084,89.094
2274.0,64.383,73.111,79.401,85.893,88.979
2275.0,64.342,72.957,79.315,85.77,88.836
2276.0,64.281,72.955,79.162,85.698,88.752
2277.0,64.298,72.929,79.153,85.627,88.763
2278.0,64.171,72.783,78.918,85.469,88.543
2279.0,64.155,72.72,78.835,85.385,88.449
2280.0,64.118,72.654,78.729,85.285,88.299
2281.0,64.089,72.528,78.626,85.107,88.258
2282.0,64.121,72.551,78.524,85.025,88.102
2283.0,64.019,72.403,78.436,84.872,87.975
2284.0,63.992,72.345,78.37,84.784,87.902
2285.0,63.976,72.227,78.179,84.603,87.766
2286.0,63.873,72.219,78.076,84.46,87.597
2287.0,63.844,72.036,77.904,84.392,87.545
2288.0,63.808,71.958,77.85,84.215,87.413
2289.0,63.772,71.959,77.73,84.174,87.352
2290.0,63.735,71.855,77.669,84.016,87.291
2291.0,63.708,71.77,77.506,83.84,87.123
2292.0,63.655,71.722,77.371,83.717,87.016
2293.0,63.558,71.629,77.281,83.612,86.897
2294.0,63.506,71.51,77.226,83.522,86.848
2295.0,63.49,71.454,77.098,83.38,86.693
2296.0,63.418,71.348,76.926,83.216,86.577
2297.0,63.375,71.356,76.897,83.134,86.483
2298.0,63.354,71.27,76.736,83.087,86.391
2299.0,63.328,71.177,76.707,82.969,86.337
2300.0,63.205,71.115,76.548,82.837,86.17
2301.0,63.171,70.986,76.446,82.701,86.011
2302.0,63.156,70.968,76.322,82.599,85.977
2303.0,63.148,70.863,76.286,82.481,85.878
2304.0,63.046,70.825,76.122,82.406,85.707
2305.0,63.023,70.7,76.055,82.295,85.629
2306.0,63.019,70.701,75.991,82.258,85.529
2307.0,62.941,70.577,75.84,82.055,85.381
2308.0,62.88,70.49,75.729,81.955,85.249
2309.0,62.87,70.354,75.59,81.808,85.195
2310.0,62.77,70.38,75.486,81.706,85.049
2311.0,62.744,70.282,75.394,81.586,85.005
2312.0,62.703,70.236,75.344,81.573,84.902
2313.0,62.74,70.219,75.276,81.462,84.835
2314.0,62.639,70.043,75.088,81.293,84.685
2315.0,62.614,69.985,75.017,81.165,84.573
2316.0,62.577,69.936,74.946,81.081,84.468
2317.0,62.525,69.857,74.774,80.974,84.362
2318.0,62.472,69.784,74.714,80.846,84.288
2319.0,62.492,69.707,74.641,80.754,84.248
2320.0,62.478,69.678,74.506,80.723,84.127
2321.0,62.379,69.569,74.407,80.635,83.971
2322.0,62.33,69.515,74.287,80.465,83.848
2323.0,62.324,69.397,74.193,80.342,83.775
2324.0,62.228,69.34,74.123,80.209,83.686
2325.0,62.225,69.204,73.967,80.138,83.538
2326.0,62.187,69.207,73.926,80.038,83.508
2327.0,62.161,69.169,73.813,79.977,83.386
2328.0,62.087,69.011,73.721,79.783,83.263
2329.0,62.057,68.945,73.597,79.741,83.205
2330.0,62.047,68.942,73.538,79.593,83.115
2331.0,62.013,68.894,73.495,79.514,83.066
2332.0,61.966,68.848,73.396,79.345,83.007
2333.0,61.881,68.706,73.322,79.269,82.887
2334.0,61.846,68.61,73.163,79.159,82.782
2335.0,61.777,68.489,73.01,79.01,82.666
2336.0,61.774,68.506,72.964,78.963,82.555
2337.0,61.741,68.403,72.832,78.757,82.433
2338.0,61.713,68.314,72.752,78.687,82.367
2339.0,61.688,68.291,72.662,78.59,82.29
2340.0,61.65,68.2,72.603,78.507,82.248
2341.0,61.617,68.183,72.495,78.365,82.076
2342.0,61.556,68.064,72.365,78.29,81.99
2343.0,61.49,67.971,72.308,78.148,81.876
2344.0,61.469,67.924,72.176,78.052,81.814
2345.0,61.434,67.831,72.105,78.004,81.606
2346.0,61.342,67.809,72.008,77.858,81.575
2347.0,61.293,67.677,71.908,77.718,81.408
2348.0,61.257,67.606,71.773,77.648,81.326
2349.0,61.183,67.509,71.721,77.514,81.223
2350.0,61.154,67.457,71.635,77.475,81.119
2351.0,61.037,67.403,71.513,77.334,80.985
2352.0,61.002,67.365,71.466,77.227,80.94
2353.0,61.001,67.285,71.362,77.164,80.853
2354.0,60.937,67.22,71.276,77.016,80.764
2355.0,60.841,67.175,71.187,76.911,80.614
2356.0,60.841,67.126,71.151,76.873,80.55
2357.0,60.775,67.018,71.023,76.745,80.457
2358.0,60.75,67.01,70.893,76.619,80.393
2359.0,60.688,66.847,70.849,76.513,80.256
2360.0,60.639,66.86,70.735,76.424,80.239
2361.0,60.639,66.781,70.702,76.392,80.141
2362.0,60.638,66.738,70.647,76.299,80.03
2363.0,60.612,66.636,70.485,76.171,79.939
2364.0,60.475,66.541,70.368,76.083,79.772
2365.0,60.467,66.497,70.299,75.941,79.741
2366.0,60.452,66.375,70.26,75.927,79.642
2367.0,60.365,66.355,70.146,75.828,79.538
2368.0,60.392,66.31,70.029,75.698,79.45
2369.0,60.3,66.218,70.008,75.609,79.359
2370.0,60.26,66.196,69.849,75.486,79.243
2371.0,60.2,66.136,69.804,75.383,79.155
2372.0,60.186,66.073,69.691,75.336,79.056
2373.0,60.079,65.99,69.609,75.247,78.92
2374.0,60.093,65.904,69.544,75.141,78.891
2375.0,60.108,65.886,69.481,75.064,78.832
2376.0,59.982,65.765,69.316,74.879,78.614
2377.0,59.922,65.695,69.271,74.829,78.58
2378.0,59.864,65.66,69.165,74.766,78.451
2379.0,59.862,65.63,69.104,74.606,78.382
2380.0,59.806,65.555,69.032,74.525,78.268
2381.0,59.771,65.468,68.928,74.482,78.182
2382.0,59.675,65.396,68.801,74.313,78.06
2383.0,59.607,65.358,68.674,74.221,77.969
2384.0,59.618,65.325,68.682,74.148,77.903
2385.0,59.601,65.252,68.598,74.077,77.895
2386.0,59.546,65.201,68.507,74.021,77.753
2387.0,59.441,65.146,68.352,73.881,77.675
2388.0,59.384,65.04,68.311,73.76,77.551
2389.0,59.362,65.038,68.274,73.672,77.444
2390.0,59.354,64.906,68.194,73.633,77.405
2391.0,59.275,64.852,68.074,73.532,77.285
2392.0,59.216,64.823,67.995,73.455,77.171
2393.0,59.171,64.717,67.935,73.32,77.077
2394.0,59.09,64.692,67.855,73.302,77.014
2395.0,59.077,64.595,67.768,73.136,76.965
2396.0,58.938,64.471,67.671,73.05,76.811
2397.0,58.98,64.482,67.617,73.048,76.783
2398.0,58.85,64.371,67.495,72.852,76.67
2399.0,58.903,64.352,67.475,72.888,76.617
2400.0,58.839,64.24,67.338,72.745,76.455
2401.0,58.728,64.186,67.268,72.644,76.35
2402.0,58.703,64.181,67.201,72.586,76.347
2403.0,58.688,64.094,67.113,72.513,76.279
2404.0,58.645,63.998,67.026,72.407,76.07
2405.0,58.591,63.949,66.954,72.304,76.04
2406.0,58.604,63.833,66.898,72.278,75.918
2407.0,58.532,63.808,66.769,72.161,75.816
2408.0,58.493,63.699,66.737,72.107,75.747
2409.0,58.486,63.742,66.669,72.016,75.658
2410.0,58.392,63.618,66.557,71.926,75.623
2411.0,58.389,63.502,66.465,71.85,75.561
2412.0,58.339,63.485,66.396,71.724,75.471
2413.0,58.298,63.467,66.345,71.638,75.359
2414.0,58.236,63.345,66.257,71.537,75.302
2415.0,58.143,63.18,66.068,71.409,75.182
2416.0,58.191,63.249,66.106,71.395,75.107
2417.0,58.172,63.161,66.042,71.291,75.032
2418.0,58.074,63.081,65.974,71.156,74.841
2419.0,58.13,63.053,65.833,71.099,74.805
2420.0,58.077,62.984,65.797,71.017,74.727
2421.0,57.959,62.899,65.697,70.839,74.605
2422.0,57.969,62.869,65.694,70.86,74.576
2423.0,57.914,62.852,65.586,70.776,74.485
2424.0,57.851,62.671,65.439,70.637,74.373
2425.0,57.844,62.727,65.43,70.59,74.359
2426.0,57.767,62.598,65.37,70.468,74.23
2427.0,57.775,62.581,65.25,70.422,74.178
2428.0,57.711,62.504,65.255,70.35,74.095
2429.0,57.616,62.423,65.109,70.238,73.925
2430.0,57.614,62.331,65.028,70.116,73.936
2431.0,57.517,62.338,64.927,70.065,73.832
2432.0,57.49,62.208,64.807,70.019,73.786
2433.0,57.464,62.197,64.82,69.92,73.706
2434.0,57.462,62.09,64.713,69.797,73.557
2435.0,57.437,62.03,64.659,69.765,73.469
2436.0,57.38,62.001,64.616,69.674,73.46
2437.0,57.354,61.961,64.524,69.581,73.335
2438.0,57.275,61.856,64.457,69.551,73.312
2439.0,57.257,61.868,64.415,69.504,73.245
2440.0,57.174,61.718,64.278,69.395,73.117
2441.0,57.113,61.726,64.195,69.26,73.095
2442.0,57.065,61.623,64.167,69.232,72.994
2443.0,57.026,61.578,64.094,69.162,72.966
2444.0,56.976,61.467,63.987,68.977,72.759
2445.0,56.9,61.49,63.953,68.981,72.655
2446.0,56.876,61.346,63.872,68.839,72.609
2447.0,56.789,61.347,63.732,68.76,72.507
2448.0,56.777,61.252,63.705,68.681,72.458
2449.0,56.653,61.199,63.621,68.606,72.413
2450.0,56.64,61.151,63.495,68.519,72.282
2451.0,56.608,61.104,63.521,68.464,72.241
2452.0,56.547,60.984,63.4,68.379,72.117
2453.0,56.556,61.001,63.375,68.352,72.044
2454.0,56.446,60.926,63.261,68.217,71.869
2455.0,56.415,60.828,63.205,68.112,71.829
2456.0,56.38,60.8,63.164,68.044,71.762
2457.0,56.368,60.721,63.051,67.988,71.652
2458.0,56.353,60.757,63.06,67.93,71.631
2459.0,56.296,60.61,62.959,67.818,71.551
2460.0,56.233,60.51,62.797,67.714,71.473
2461.0,56.202,60.484,62.748,67.606,71.392
2462.0,56.142,60.47,62.733,67.563,71.361
2463.0,56.13,60.438,62.659,67.543,71.328
2464.0,56.036,60.307,62.594,67.401,71.102
2465.0,55.912,60.219,62.486,67.325,70.978
2466.0,55.949,60.231,62.417,67.304,70.939
2467.0,55.926,60.196,62.428,67.221,70.887
2468.0,55.844,60.107,62.272,67.147,70.815
2469.0,55.783,60.039,62.269,67.06,70.668
2470.0,55.781,60.013,62.184,66.956,70.6
2471.0,55.696,59.961,62.137,66.954,70.538
2472.0,55.617,59.937,62.034,66.874,70.457
2473.0,55.605,59.86,61.98,66.78,70.389
2474.0,55.608,59.854,61.941,66.758,70.349
2475.0,55.473,59.751,61.896,66.657,70.232
2476.0,55.449,59.674,61.751,66.532,70.174
2477.0,55.464,59.697,61.719,66.49,70.12
2478.0,55.403,59.622,61.646,66.398,70.047
2479.0,55.312,59.591,61.605,66.335,69.994
2480.0,55.317,59.502,61.566,66.299,69.929
2481.0,55.242,59.428,61.43,66.141,69.847
2482.0,55.18,59.395,61.346,66.016,69.739
2483.0,55.136,59.292,61.285,65.974,69.629
2484.0,55.123,59.287,61.257,65.917,69.549
2485.0,55.057,59.238,61.181,65.864,69.448
2486.0,55.039,59.165,61.105,65.783,69.463
2487.0,54.944,59.11,61.085,65.728,69.334
2488.0,54.909,59.11,61.002,65.636,69.227
2489.0,54.858,58.983,60.976,65.597,69.161
2490.0,54.796,58.976,60.803,65.463,69.138
2491.0,54.721,58.92,60.863,65.403,69.105
2492.0,54.737,58.958,60.755,65.397,69.071
2493.0,54.596,58.83,60.683,65.327,68.977
2494.0,54.545,58.773,60.55,65.225,68.878
2495.0,54.53,58.782,60.573,65.177,68.844
2496.0,54.528,58.73,60.524,65.099,68.784
2497.0,54.471,58.613,60.42,64.959,68.686
2498.0,54.459,58.589,60.384,64.9,68.607
2499.0,54.367,58.517,60.269,64.791,68.54
2500.0,54.349,58.458,60.213,64.702,68.467
2501.0,54.321,58.448,60.215,64.639,68.356
2502.0,54.293,58.379,60.069,64.549,68.308
2503.0,54.251,58.317,60.125,64.535,68.29
2504.0,54.259,58.258,59.991,64.404,68.176
2505.0,54.186,58.223,59.903,64.334,68.097
2506.0,54.209,58.166,59.882,64.338,68.085
2507.0,54.209,58.076,59.769,64.244,68.005
2508.0,54.177,58.084,59.778,64.198,67.954
2509.0,54.117,57.995,59.664,64.068,67.877
2510.0,54.056,57.997,59.595,64.023,67.776
2511.0,54.101,57.928,59.576,63.974,67.708
2512.0,54.03,57.872,59.514,63.953,67.654
2513.0,53.966,57.845,59.447,63.854,67.543
2514.0,53.962,57.749,59.365,63.745,67.458
2515.0,53.959,57.752,59.34,63.733,67.419
2516.0,53.867,57.7,59.269,63.659,67.355
2517.0,53.858,57.635,59.259,63.618,67.324
2518.0,53.86,57.616,59.155,63.576,67.309
2519.0,53.76,57.517,59.108,63.415,67.127
2520.0,53.766,57.505,59.037,63.402,67.117
2521.0,53.829,57.389,59.018,63.372,67.097
2522.0,53.722,57.367,58.858,63.241,66.995
2523.0,53.69,57.306,58.9,63.192,66.916
2524.0,53.64,57.257,58.757,63.1,66.842
2525.0,53.603,57.233,58.748,63.076,66.733
2526.0,53.554,57.166,58.688,62.993,66.666
2527.0,53.523,57.091,58.666,62.944,66.575
2528.0,53.405,57.064,58.541,62.896,66.496
2529.0,53.421,57.045,58.508,62.869,66.442
2530.0,53.371,56.964,58.409,62.701,66.298
2531.0,53.282,56.926,58.378,62.66,66.193
2532.0,53.196,56.822,58.263,62.58,66.064
2533.0,53.232,56.741,58.236,62.53,66.037
2534.0,53.178,56.751,58.171,62.449,66.008
2535.0,53.153,56.678,58.144,62.344,65.917
2536.0,53.127,56.554,58.058,62.288,65.822
2537.0,53.09,56.572,58.003,62.204,65.7
2538.0,53.008,56.465,57.87,62.082,65.632
2539.0,52.95,56.422,57.862,62.025,65.576
2540.0,52.911,56.317,57.798,61.943,65.457
2541.0,52.82,56.258,57.71,61.897,65.406
2542.0,52.792,56.253,57.64,61.819,65.305
2543.0,52.796,56.189,57.65,61.762,65.263
2544.0,52.731,56.114,57.552,61.707,65.178
2545.0,52.668,56.033,57.474,61.606,65.134
2546.0,52.593,55.969,57.366,61.511,65.026
2547.0,52.614,55.919,57.345,61.477,64.999
2548.0,52.666,55.971,57.324,61.504,64.936
2549.0,52.613,55.853,57.273,61.367,64.909
2550.0,52.568,55.834,57.212,61.395,64.849
2551.0,52.502,55.747,57.142,61.253,64.705
2552.0,52.475,55.787,57.146,61.209,64.668
2553.0,52.398,55.71,57.039,61.159,64.55
2554.0,52.319,55.622,56.949,61.029,64.391
2555.0,52.332,55.596,56.917,60.997,64.403
2556.0,52.329,55.574,56.876,60.958,64.356
2557.0,52.255,55.495,56.767,60.812,64.234
2558.0,52.2,55.441,56.728,60.787,64.157
2559.0,52.185,55.372,56.642,60.708,64.028
2560.0,52.18,55.319,56.644,60.602,63.971
2561.0,52.072,55.297,56.545,60.573,63.895
2562.0,52.103,55.299,56.54,60.486,63.89
2563.0,52.081,55.214,56.439,60.428,63.835
2564.0,52.036,55.165,56.371,60.358,63.76
2565.0,51.958,55.091,56.341,60.289,63.697
2566.0,51.856,55.013,56.226,60.253,63.598
2567.0,51.85,54.979,56.187,60.186,63.529
2568.0,51.809,54.994,56.136,60.154,63.453
2569.0,51.76,54.903,56.077,60.079,63.366
2570.0,51.739,54.872,56.013,59.974,63.304
2571.0,51.696,54.925,56.005,59.99,63.274
2572.0,51.656,54.778,55.915,59.884,63.17
2573.0,51.587,54.721,55.875,59.82,63.057
2574.0,51.638,54.663,55.818,59.742,63.02
2575.0,51.517,54.585,55.733,59.71,62.945
2576.0,51.572,54.554,55.707,59.673,62.999
2577.0,51.545,54.57,55.642,59.568,62.914
2578.0,51.393,54.457,55.585,59.457,62.782
2579.0,51.42,54.39,55.523,59.425,62.776
2580.0,51.403,54.328,55.475,59.404,62.65
2581.0,51.362,54.263,55.395,59.304,62.684
2582.0,51.346,54.308,55.398,59.295,62.654
2583.0,51.232,54.185,55.292,59.176,62.477
2584.0,51.357,54.232,55.265,59.186,62.436
2585.0,51.273,54.139,55.195,59.056,62.325
2586.0,51.198,54.061,55.141,58.982,62.327
2587.0,51.144,54.009,55.085,58.927,62.283
2588.0,51.078,53.961,54.957,58.864,62.169
2589.0,51.03,53.917,54.967,58.821,62.119
2590.0,51.007,53.868,54.936,58.779,62.04
2591.0,50.961,53.818,54.82,58.697,61.936
2592.0,50.91,53.724,54.837,58.613,61.898
2593.0,50.834,53.731,54.757,58.545,61.864
2594.0,50.772,53.679,54.673,58.464,61.792
2595.0,50.753,53.639,54.631,58.469,61.754
2596.0,50.679,53.573,54.55,58.332,61.634
2597.0,50.721,53.58,54.502,58.222,61.583
2598.0,50.638,53.496,54.466,58.236,61.52
2599.0,50.645,53.51,54.457,58.205,61.493
2600.0,50.551,53.393,54.35,58.114,61.392
2601.0,50.556,53.407,54.327,58.105,61.362
2602.0,50.476,53.388,54.264,58.049,61.289
2603.0,50.406,53.272,54.16,57.913,61.229
2604.0,50.427,53.246,54.121,57.907,61.132
2605.0,50.373,53.187,54.053,57.85,61.036
2606.0,50.282,53.187,54.031,57.821,61.025
2607.0,50.242,53.083,53.897,57.724,60.919
2608.0,50.216,53.074,53.905,57.677,60.869
2609.0,50.17,53.003,53.823,57.573,60.815
2610.0,50.157,53.017,53.8,57.572,60.756
2611.0,50.127,52.97,53.785,57.458,60.751
2612.0,50.11,52.87,53.692,57.415,60.686
2613.0,50.087,52.899,53.641,57.339,60.634
2614.0,50.044,52.837,53.659,57.286,60.574
2615.0,50.003,52.723,53.552,57.235,60.502
2616.0,49.976,52.689,53.496,57.21,60.507
2617.0,49.883,52.684,53.411,57.091,60.332
2618.0,49.879,52.629,53.449,57.054,60.41
2619.0,49.839,52.567,53.319,56.995,60.344
2620.0,49.832,52.545,53.323,56.994,60.264
2621.0,49.695,52.428,53.185,56.869,60.124
2622.0,49.688,52.412,53.151,56.85,60.078
2623.0,49.705,52.384,53.134,56.788,60.04
2624.0,49.58,52.312,53.034,56.72,59.991
2625.0,49.602,52.283,52.989,56.684,59.919
2626.0,49.537,52.289,52.975,56.667,59.873
2627.0,49.518,52.184,52.915,56.576,59.777
2628.0,49.473,52.157,52.887,56.511,59.725
2629.0,49.49,52.155,52.819,56.467,59.663
2630.0,49.403,52.054,52.785,56.409,59.603
2631.0,49.338,51.973,52.667,56.325,59.552
2632.0,49.311,51.941,52.625,56.297,59.48
2633.0,49.26,51.955,52.578,56.215,59.395
2634.0,49.255,51.845,52.546,56.148,59.338
2635.0,49.2,51.839,52.531,56.073,59.333
2636.0,49.181,51.881,52.497,56.064,59.191
2637.0,49.127,51.815,52.463,56.028,59.219
2638.0,49.005,51.73,52.347,55.887,59.045
2639.0,49.075,51.752,52.367,55.903,59.042
2640.0,48.991,51.7,52.312,55.857,59.005
2641.0,48.92,51.636,52.225,55.755,58.958
2642.0,48.856,51.564,52.145,55.656,58.856
2643.0,48.869,51.628,52.122,55.671,58.839
2644.0,48.819,51.465,52.014,55.526,58.765
2645.0,48.763,51.508,52.067,55.567,58.766
2646.0,48.699,51.412,51.95,55.47,58.658
2647.0,48.724,51.343,51.932,55.408,58.633
2648.0,48.667,51.328,51.925,55.327,58.565
2649.0,48.636,51.303,51.789,55.295,58.492
2650.0,48.593,51.246,51.767,55.209,58.403
2651.0,48.566,51.159,51.662,55.155,58.365
2652.0,48.562,51.133,51.655,55.147,58.273
2653.0,48.513,51.11,51.613,55.084,58.196
2654.0,48.419,50.992,51.604,55.037,58.148
2655.0,48.495,51.031,51.483,54.983,58.171
2656.0,48.411,50.918,51.519,54.922,58.076
2657.0,48.397,50.871,51.412,54.82,58.008
2658.0,48.4,50.866,51.433,54.844,58.049
2659.0,48.338,50.763,51.294,54.78,57.973
2660.0,48.264,50.759,51.265,54.689,57.853
2661.0,48.267,50.681,51.222,54.632,57.831
2662.0,48.183,50.672,51.232,54.543,57.741
2663.0,48.17,50.66,51.144,54.448,57.701
2664.0,48.121,50.612,51.045,54.447,57.651
2665.0,48.111,50.551,51.027,54.364,57.599
2666.0,48.052,50.504,51.014,54.281,57.507
2667.0,48.015,50.484,50.921,54.231,57.494
2668.0,48.086,50.531,51.014,54.307,57.482
2669.0,47.928,50.426,50.892,54.154,57.306
2670.0,47.83,50.308,50.751,54.125,57.221
2671.0,47.864,50.337,50.766,54.094,57.217
2672.0,47.833,50.338,50.722,54.074,57.199
2673.0,47.745,50.239,50.653,53.993,57.114
2674.0,47.719,50.221,50.604,53.905,57.064
2675.0,47.692,50.207,50.627,53.927,57.085
2676.0,47.668,50.086,50.53,53.83,56.97
2677.0,47.598,50.077,50.431,53.775,56.887
2678.0,47.586,50.039,50.449,53.698,56.825
2679.0,47.504,50.01,50.367,53.652,56.789
2680.0,47.479,49.96,50.282,53.626,56.671
2681.0,47.475,49.943,50.306,53.603,56.679
2682.0,47.365,49.882,50.197,53.477,56.576
2683.0,47.444,49.854,50.205,53.458,56.542
2684.0,47.364,49.709,50.083,53.398,56.506
2685.0,47.355,49.723,50.113,53.424,56.457
2686.0,47.367,49.709,50.049,53.354,56.422
2687.0,47.266,49.606,50.03,53.271,56.311
2688.0,47.209,49.561,49.933,53.177,56.25
2689.0,47.244,49.564,49.975,53.176,56.271
2690.0,47.17,49.527,49.883,53.067,56.195
2691.0,47.105,49.46,49.82,53.032,56.12
2692.0,47.112,49.447,49.809,52.953,56.082
2693.0,47.033,49.42,49.729,52.894,56.069
2694.0,47.045,49.385,49.725,52.888,56.027
2695.0,46.99,49.305,49.646,52.804,55.937
2696.0,46.976,49.313,49.642,52.785,55.895
2697.0,46.97,49.262,49.608,52.732,55.905
2698.0,46.849,49.189,49.526,52.658,55.791
2699.0,46.778,49.149,49.466,52.576,55.656
2700.0,46.812,49.106,49.483,52.641,55.691
2701.0,46.759,49.047,49.371,52.555,55.597
2702.0,46.73,49.01,49.343,52.492,55.544
2703.0,46.694,49.055,49.332,52.507,55.548
2704.0,46.681,48.968,49.225,52.414,55.445
2705.0,46.601,48.926,49.213,52.367,55.409
2706.0,46.614,48.881,49.158,52.343,55.356
2707.0,46.618,48.889,49.166,52.244,55.307
2708.0,46.525,48.826,49.075,52.262,55.238
2709.0,46.49,48.766,49.047,52.24,55.221
2710.0,46.48,48.703,48.984,52.165,55.129
2711.0,46.403,48.716,48.938,52.135,55.097
2712.0,46.44,48.617,48.944,52.053,55.017
2713.0,46.342,48.641,48.888,51.96,54.978
2714.0,46.357,48.535,48.832,51.91,54.901
2715.0,46.318,48.54,48.784,51.874,54.845
2716.0,46.311,48.49,48.719,51.826,54.794
2717.0,46.266,48.482,48.684,51.771,54.753
2718.0,46.217,48.405,48.661,51.72,54.669
2719.0,46.203,48.37,48.666,51.697,54.614
2720.0,46.182,48.315,48.572,51.634,54.681
2721.0,46.131,48.299,48.532,51.589,54.533
2722.0,46.077,48.227,48.5,51.573,54.549
2723.0,46.091,48.224,48.488,51.514,54.523
2724.0,46.06,48.242,48.434,51.423,54.442
2725.0,45.981,48.182,48.344,51.427,54.337
2726.0,45.935,48.081,48.274,51.328,54.275
2727.0,45.959,48.099,48.31,51.371,54.272
2728.0,45.935,48.032,48.236,51.248,54.224
2729.0,45.832,48.007,48.16,51.206,54.142
2730.0,45.844,47.955,48.112,51.149,54.128
2731.0,45.773,47.901,48.09,51.125,54.054
2732.0,45.809,47.863,48.037,51.115,53.981
2733.0,45.739,47.809,48.015,51.041,53.896
2734.0,45.719,47.789,47.98,50.941,53.891
2735.0,45.624,47.722,47.904,50.922,53.812
2736.0,45.602,47.7,47.857,50.863,53.796
2737.0,45.628,47.738,47.855,50.859,53.728
2738.0,45.563,47.661,47.826,50.807,53.658
2739.0,45.472,47.599,47.753,50.723,53.576
2740.0,45.543,47.598,47.754,50.748,53.58
2741.0,45.442,47.548,47.728,50.667,53.488
2742.0,45.47,47.597,47.729,50.675,53.49
2743.0,45.373,47.523,47.573,50.521,53.389
2744.0,45.331,47.426,47.603,50.518,53.336
2745.0,45.328,47.405,47.559,50.451,53.278
2746.0,45.255,47.314,47.515,50.447,53.286
2747.0,45.267,47.366,47.5,50.458,53.231
2748.0,45.168,47.338,47.512,50.426,53.181
2749.0,45.222,47.273,47.369,50.313,53.078
2750.0,45.235,47.227,47.333,50.259,53.099
2751.0,45.086,47.164,47.284,50.227,52.998
2752.0,45.102,47.139,47.296,50.203,52.97
2753.0,45.099,47.132,47.274,50.204,52.925
2754.0,45.014,47.096,47.165,50.085,52.862
2755.0,44.932,47.006,47.104,50.058,52.762
2756.0,44.958,46.987,47.067,49.964,52.758
2757.0,44.843,46.96,47.013,49.921,52.736
2758.0,44.862,46.88,46.997,49.873,52.688
2759.0,44.86,46.846,46.969,49.807,52.665
2760.0,44.84,46.797,46.919,49.8,52.602
2761.0,44.761,46.791,46.856,49.745,52.522
2762.0,44.703,46.758,46.83,49.68,52.441
2763.0,44.697,46.676,46.825,49.682,52.432
2764.0,44.687,46.644,46.775,49.617,52.406
2765.0,44.68,46.611,46.74,49.531,52.33
2766.0,44.588,46.583,46.698,49.528,52.265
2767.0,44.596,46.556,46.699,49.504,52.219
2768.0,44.53,46.544,46.649,49.436,52.175
2769.0,44.518,46.517,46.602,49.451,52.151
2770.0,44.506,46.435,46.558,49.392,52.096
2771.0,44.408,46.447,46.534,49.336,52.086
2772.0,44.448,46.442,46.499,49.352,52.051
2773.0,44.398,46.401,46.394,49.219,51.934
2774.0,44.394,46.374,46.419,49.256,51.931
2775.0,44.383,46.361,46.393,49.223,51.927
2776.0,44.322,46.275,46.377,49.154,51.812
2777.0,44.243,46.262,46.313,49.101,51.731
2778.0,44.228,46.164,46.217,49.014,51.66
2779.0,44.147,46.158,46.219,49.026,51.666
2780.0,44.119,46.081,46.147,48.976,51.579
2781.0,44.089,46.068,46.109,48.916,51.591
2782.0,44.089,46.061,46.098,48.851,51.53
2783.0,44.048,46.01,46.071,48.791,51.49
2784.0,44.03,45.989,46.024,48.766,51.394
2785.0,44.024,45.94,46.023,48.747,51.373
2786.0,43.979,45.929,45.905,48.679,51.341
2787.0,43.987,45.878,45.887,48.581,51.253
2788.0,43.948,45.8,45.865,48.532,51.235
2789.0,43.924,45.786,45.833,48.479,51.133
2790.0,43.92,45.728,45.844,48.465,51.168
2791.0,43.86,45.748,45.789,48.44,51.131
2792.0,43.815,45.69,45.683,48.334,51.074
2793.0,43.798,45.709,45.714,48.354,51.037
2794.0,43.816,45.598,45.647,48.22,50.953
2795.0,43.729,45.523,45.548,48.215,50.985
2796.0,43.683,45.563,45.531,48.124,50.86
2797.0,43.694,45.542,45.493,48.171,50.884
2798.0,43.584,45.463,45.497,48.108,50.83
2799.0,43.647,45.435,45.5,48.073,50.793
2800.0,43.541,45.382,45.388,47.987,50.776
2801.0,43.558,45.365,45.423,47.971,50.748
2802.0,43.556,45.352,45.409,47.961,50.757
2803.0,43.376,45.189,45.293,47.842,50.601
2804.0,43.453,45.273,45.308,47.838,50.638
2805.0,43.355,45.174,45.301,47.75,50.584
2806.0,43.329,45.149,45.29,47.726,50.559
2807.0,43.304,45.146,45.264,47.721,50.594
2808.0,43.269,45.117,45.218,47.705,50.541
2809.0,43.207,45.091,45.245,47.665,50.51
2810.0,43.177,44.997,45.257,47.615,50.464
2811.0,43.132,44.939,45.126,47.525,50.415
2812.0,43.128,44.998,45.125,47.518,50.381
2813.0,43.131,44.964,45.155,47.531,50.372
2814.0,43.057,44.926,45.094,47.449,50.309
2815.0,43.042,44.905,45.095,47.474,50.319
2816.0,43.033,44.825,45.082,47.458,50.242
2817.0,43.015,44.842,45.116,47.46,50.14
2818.0,42.946,44.766,45.049,47.433,50.112
2819.0,42.983,44.7,45.021,47.342,50.122
2820.0,42.884,44.611,44.949,47.32,50.072
2821.0,42.948,44.627,44.998,47.378,50.07
2822.0,42.901,44.612,44.963,47.356,50.107
2823.0,42.861,44.535,44.912,47.312,50.026
2824.0,42.856,44.456,44.907,47.297,49.988
2825.0,42.804,44.497,44.939,47.265,49.89
2826.0,42.833,44.462,44.899,47.287,49.909
2827.0,42.777,44.451,44.904,47.243,49.819
2828.0,42.769,44.407,44.877,47.245,49.708
2829.0,42.775,44.468,44.886,47.274,49.682
2830.0,42.721,44.378,44.888,47.18,49.596
2831.0,42.663,44.343,44.82,47.181,49.509
2832.0,42.668,44.295,44.841,47.12,49.46
2833.0,42.619,44.284,44.817,47.081,49.388
2834.0,42.609,44.273,44.804,47.047,49.38
2835.0,42.563,44.186,44.747,46.987,49.216
2836.0,42.508,44.259,44.698,47.024,49.217
2837.0,42.487,44.23,44.757,46.978,49.152
2838.0,42.483,44.229,44.759,46.935,49.111
2839.0,42.438,44.136,44.722,46.921,49.044
2840.0,42.379,44.089,44.684,46.832,48.897
2841.0,42.447,44.062,44.698,46.835,48.924
2842.0,42.359,44.005,44.686,46.817,48.792
2843.0,42.333,43.93,44.618,46.743,48.683
2844.0,42.292,43.881,44.56,46.744,48.663
2845.0,42.246,43.878,44.582,46.652,48.496
2846.0,42.251,43.886,44.582,46.622,48.484
2847.0,42.232,43.845,44.544,46.614,48.418
2848.0,42.142,43.779,44.535,46.544,48.342
2849.0,42.224,43.764,44.573,46.515,48.273
2850.0,42.161,43.731,44.575,46.492,48.299
2851.0,42.117,43.695,44.499,46.417,48.333
2852.0,42.106,43.684,44.481,46.36,48.259
2853.0,42.015,43.568,44.412,46.208,48.18
2854.0,42.024,43.585,44.458,46.311,48.108
2855.0,41.931,45.159,44.784,48.126,54.79
2856.0,42.037,45.028,45.259,52.64,67.85
2857.0,42.068,44.905,45.636,57.8,79.329
2858.0,42.107,45.548,46.037,63.486,89.538
2859.0,42.128,47.457,46.384,68.952,98.87
2860.0,42.05,45.544,46.68,74.073,107.334
2861.0,42.098,45.21,47.068,79.495,115.201
2862.0,42.112,46.396,47.218,84.659,122.444
2863.0,42.108,46.421,47.546,89.413,129.113
2864.0,41.99,44.718,47.806,94.188,135.343
2865.0,42.161,45.657,48.019,98.654,141.116
2866.0,42.115,46.616,48.274,102.71,146.292
2867.0,42.193,47.629,48.46,107.025,151.021
2868.0,42.13,47.067,48.621,111.064,155.357
2869.0,41.957,46.489,48.829,114.547,159.644
2870.0,41.915,46.386,49.215,118.172,164.161
2871.0,41.882,47.389,49.254,121.761,168.351
2872.0,42.079,46.267,49.498,124.881,172.439
2873.0,41.984,46.663,49.619,128.007,176.442
2874.0,42.024,46.901,49.847,131.126,180.419
2875.0,41.984,47.432,50.125,134.111,184.27
2876.0,42.122,46.965,50.304,136.791,188.128
2877.0,41.959,47.736,50.287,139.149,191.867
2878.0,42.119,47.892,50.513,139.154,195.5
2879.0,41.995,47.205,50.689,139.801,199.024
2880.0,42.025,47.326,50.779,142.127,202.446
2881.0,42.104,46.748,51.013,144.433,205.884
2882.0,42.117,47.271,51.157,146.537,209.055
2883.0,42.159,46.999,51.343,148.675,212.216
2884.0,41.986,46.601,51.567,150.6,215.251
2885.0,42.212,46.835,51.624,154.563,218.23
2886.0,41.913,47.133,51.797,158.023,221.092
2887.0,42.094,47.184,51.861,159.867,223.917
2888.0,41.95,46.96,51.974,162.198,226.647
2889.0,41.913,46.826,52.16,163.771,229.147
2890.0,53.415,44.538,52.406,174.433,247.341
2891.0,53.702,44.411,52.642,177.261,246.627
2892.0,55.294,44.444,52.844,180.839,253.73
2893.0,55.98,44.53,52.954,183.867,257.653
2894.0,54.85,44.581,53.185,185.439,262.082
2895.0,54.465,44.358,53.34,186.559,263.155
2896.0,56.63,44.43,53.559,190.054,259.412
2897.0,57.1,44.392,53.381,192.257,265.271
2898.0,57.707,44.355,53.792,191.937,274.585
2899.0,56.464,44.404,53.836,193.419,271.187
2900.0,57.384,44.548,54.122,195.465,274.414
2901.0,57.052,44.398,54.105,197.857,275.909
2902.0,55.91,44.429,54.477,198.405,275.989
2903.0,56.831,44.492,54.527,199.648,282.798
2904.0,56.922,44.535,54.754,199.786,282.334
2905.0,56.943,44.453,54.829,202.069,283.752
2906.0,57.4,44.434,54.879,202.158,286.456
2907.0,57.116,44.432,55.292,204.334,283.119
2908.0,56.846,44.469,55.352,205.666,291.965
2909.0,58.956,44.498,55.582,206.817,294.005
2910.0,57.391,44.31,55.541,208.952,291.505
2911.0,57.646,44.421,56.004,209.569,296.745
2912.0,58.203,44.375,56.013,210.681,300.519
2913.0,57.67,44.408,56.228,213.43,305.618
2914.0,60.003,44.352,56.174,214.1,304.345
2915.0,58.354,44.471,56.398,216.214,302.335
2916.0,58.942,44.422,56.624,217.514,304.198
2917.0,59.187,44.362,56.963,216.659,305.987
2918.0,57.442,44.38,56.887,217.964,302.469
2919.0,56.21,44.386,57.177,218.873,310.94
2920.0,57.207,44.42,57.348,220.533,299.488
2921.0,57.435,44.344,57.541,223.08,304.305
2922.0,60.938,44.425,57.733,224.46,315.736
2923.0,57.903,44.555,57.781,224.549,310.705
2924.0,57.181,44.426,58.0,225.82,307.307
2925.0,56.608,44.449,58.204,227.274,322.122
2926.0,59.402,44.544,58.429,227.267,320.966
2927.0,58.349,44.481,58.69,227.768,316.331
2928.0,58.24,44.459,58.777,228.74,325.666
2929.0,58.528,44.427,59.038,229.995,318.399
2930.0,57.98,44.495,59.092,230.913,322.201
2931.0,58.267,44.496,59.507,232.22,322.02
2932.0,58.47,44.453,59.89,231.215,323.716
2933.0,59.67,44.445,60.021,233.233,323.269
2934.0,57.612,44.566,59.96,234.593,330.796
2935.0,57.85,44.503,60.168,236.194,331.764
2936.0,56.029,44.583,60.411,236.532,323.393
2937.0,58.401,44.463,60.463,236.901,331.836
2938.0,54.268,44.475,60.555,234.904,333.006
2939.0,59.053,44.56,60.811,240.561,326.447
2940.0,57.96,44.584,60.854,240.235,331.472
2941.0,59.143,44.59,61.247,240.56,330.572
2942.0,53.938,44.63,61.636,240.472,332.333
2943.0,58.875,44.526,61.566,241.155,333.663
2944.0,57.463,44.58,61.665,242.731,337.286
2945.0,58.173,44.543,62.131,243.308,338.837
2946.0,58.492,44.52,62.524,243.91,334.929
2947.0,60.273,44.502,62.749,247.07,345.779
2948.0,58.475,44.55,62.982,246.087,336.501
2949.0,57.752,44.521,63.395,246.149,334.3
2950.0,56.12,44.502,63.716,245.964,346.839
2951.0,57.511,44.502,63.849,249.419,335.615
2952.0,56.458,44.499,63.459,247.964,345.161
2953.0,56.97,44.541,63.706,251.619,345.918
2954.0,56.876,44.602,64.092,249.396,339.732
2955.0,58.933,44.586,64.397,250.348,338.441
2956.0,60.622,44.61,64.964,252.24,345.674
2957.0,58.785,44.565,65.314,251.616,342.017
2958.0,56.85,44.623,65.313,252.474,343.166
2959.0,57.114,44.585,65.272,250.979,348.392
2960.0,58.728,44.669,66.276,254.436,345.015
2961.0,58.91,44.79,65.725,255.601,341.498
2962.0,59.653,44.701,66.132,255.625,344.956
2963.0,59.113,44.785,66.542,255.468,342.095
2964.0,59.132,44.801,65.957,256.907,351.598
2965.0,58.154,44.666,66.057,255.182,352.049
2966.0,57.416,44.832,66.462,256.571,352.476
2967.0,60.382,44.746,66.905,257.085,353.27
2968.0,59.868,44.782,67.194,258.421,354.965
2969.0,59.4,44.785,67.479,259.711,351.247
2970.0,58.789,44.776,68.177,261.405,354.323
2971.0,57.811,44.894,67.48,261.012,353.835
2972.0,57.296,44.812,67.644,261.383,355.794
2973.0,57.402,44.87,67.891,261.832,353.988
2974.0,56.737,44.875,68.596,261.461,351.823
2975.0,57.877,45.018,68.608,261.925,364.071
2976.0,58.856,44.791,69.106,262.739,351.632
2977.0,57.188,44.88,68.731,263.219,354.869
2978.0,59.139,44.894,68.829,262.643,355.702
2979.0,59.878,44.979,69.091,264.534,354.725
2980.0,57.776,44.961,69.098,265.24,360.66
2981.0,56.366,45.043,69.537,265.881,355.364
2982.0,56.162,45.018,69.746,265.597,361.083
2983.0,59.231,44.966,69.96,266.646,362.216
2984.0,57.675,45.097,70.476,264.928,354.498
2985.0,57.216,45.114,70.307,266.483,361.964
2986.0,57.001,45.008,70.505,266.537,353.999
2987.0,57.64,45.179,71.136,267.522,359.28
2988.0,59.08,45.226,71.13,267.307,365.063
2989.0,57.496,45.31,71.342,268.497,355.246
2990.0,58.373,45.244,71.264,269.537,358.305
2991.0,58.787,45.292,71.229,270.774,358.284
2992.0,56.617,45.307,71.889,269.318,360.868
2993.0,57.739,45.328,72.012,269.863,357.56
2994.0,57.807,45.272,72.157,271.095,361.148
2995.0,57.279,45.261,72.603,271.673,359.043
2996.0,58.855,45.359,72.495,271.386,359.956
2997.0,57.641,45.496,73.001,272.524,357.776
2998.0,58.346,45.412,73.196,271.389,364.399
2999.0,57.611,45.538,73.386,272.379,358.396
3000.0,58.106,45.653,73.459,273.242,361.361
3001.0,58.051,45.678,73.731,274.019,359.658
3002.0,57.411,45.532,73.903,273.76,361.51
3003.0,59.051,45.668,74.198,275.294,356.163
3004.0,57.618,45.755,74.504,272.951,362.793
3005.0,58.146,45.75,74.584,274.398,359.596
3006.0,57.72,45.801,74.818,274.602,365.366
3007.0,57.684,45.757,75.348,274.867,368.913
3008.0,58.038,45.75,75.135,275.05,366.617
3009.0,56.467,45.821,75.537,277.102,358.012
3010.0,57.532,45.92,75.727,276.545,368.683
3011.0,57.549,46.054,75.997,276.619,363.208
3012.0,57.912,45.932,75.859,277.637,368.068
3013.0,57.878,45.985,76.238,278.73,360.378
3014.0,56.681,46.119,76.61,279.751,363.909
3015.0,59.277,46.174,76.63,279.198,367.679
3016.0,56.774,46.171,76.944,278.088,371.085
3017.0,55.564,46.223,77.238,279.015,367.042
3018.0,58.805,46.227,77.3,279.094,371.772
3019.0,55.798,46.264,77.783,281.006,358.443
3020.0,56.991,46.282,77.816,281.864,364.277
3021.0,57.205,46.347,78.002,279.299,362.689
3022.0,57.187,46.327,78.322,281.436,363.185
3023.0,58.483,46.381,78.24,282.865,362.504
3024.0,58.432,46.487,78.661,283.318,365.424
3025.0,58.185,46.501,78.645,282.967,372.811
3026.0,58.119,46.636,79.137,282.766,378.944
3027.0,58.21,46.625,79.501,281.291,367.866
3028.0,55.734,46.643,79.528,282.903,368.489
3029.0,58.485,46.737,79.806,285.107,376.22
3030.0,57.976,46.701,80.024,284.917,371.217
3031.0,57.184,46.781,80.263,286.628,372.899
3032.0,58.134,46.859,80.121,284.261,369.257
3033.0,57.432,46.889,80.577,283.876,369.753
3034.0,56.787,46.827,80.725,285.846,374.381
3035.0,58.525,46.964,80.976,286.31,375.201
3036.0,57.625,46.87,81.193,286.39,369.756
3037.0,57.849,46.962,81.289,287.674,375.347
3038.0,58.457,46.921,81.628,288.245,373.751
3039.0,57.693,46.907,81.614,288.195,373.498
3040.0,58.191,46.937,81.907,287.415,374.417
3041.0,57.506,47.159,82.234,289.161,375.515
3042.0,56.583,47.11,82.394,288.132,374.763
3043.0,56.462,47.241,82.539,287.513,372.597
3044.0,57.349,47.248,82.816,289.357,376.303
3045.0,57.41,47.172,83.073,291.169,376.299
3046.0,59.154,47.295,83.216,291.74,379.125
3047.0,55.324,47.301,83.36,289.834,378.138
3048.0,56.453,47.284,83.738,290.743,378.953
3049.0,57.862,47.393,83.789,291.325,380.216
3050.0,56.23,47.301,84.01,289.325,376.035
3051.0,55.747,47.375,84.216,290.151,376.21
3052.0,58.6,47.421,84.184,290.527,383.751
3053.0,57.065,47.518,84.687,291.678,391.307
3054.0,55.564,47.699,84.758,291.636,378.398
3055.0,55.606,47.657,85.083,291.708,375.118
3056.0,57.21,47.596,85.223,292.017,379.164
3057.0,56.271,47.714,85.429,292.614,377.433
3058.0,57.399,47.809,85.606,290.474,378.658
3059.0,55.42,47.847,85.812,292.701,389.145
3060.0,56.102,47.799,86.122,292.994,384.147
3061.0,55.878,47.902,86.071,293.423,381.506
3062.0,56.649,48.017,86.367,293.826,376.53
3063.0,57.474,48.119,86.6,295.192,380.316
3064.0,56.905,47.999,86.577,293.259,388.656
3065.0,56.629,48.066,87.071,295.17,386.269
3066.0,55.603,48.092,87.09,294.422,378.219
3067.0,57.072,48.206,87.343,295.272,383.229
3068.0,55.906,48.106,87.537,294.788,380.333
3069.0,57.748,48.172,87.749,294.676,380.385
3070.0,55.5,48.304,88.06,296.064,384.201
3071.0,57.019,48.338,88.123,295.971,377.073
3072.0,56.418,48.439,88.296,295.205,378.464
3073.0,56.102,48.348,88.577,294.372,381.917
3074.0,55.114,48.564,88.778,295.32,374.214
3075.0,54.757,48.486,89.01,295.539,385.032
3076.0,56.336,48.709,89.216,296.78,382.388
3077.0,55.072,48.59,89.313,296.626,379.643
3078.0,56.86,48.671,89.624,296.377,379.131
3079.0,55.997,48.735,89.634,295.064,373.423
3080.0,55.548,48.817,90.031,296.683,381.93
3081.0,55.022,48.906,89.909,295.917,375.027
3082.0,54.986,48.982,90.409,296.886,378.031
3083.0,56.407,48.998,90.396,297.138,377.237
3084.0,54.512,49.019,90.628,297.817,377.159
3085.0,54.037,49.172,90.972,297.353,376.508
3086.0,53.125,49.092,90.949,297.54,376.403
3087.0,55.975,49.145,91.2,297.047,377.513
3088.0,53.281,49.378,91.396,294.825,375.986
3089.0,52.493,49.417,91.504,297.633,375.564
3090.0,54.403,49.342,91.818,298.129,381.461
3091.0,54.395,49.383,91.94,299.346,382.51
3092.0,54.145,49.56,92.024,299.557,376.654
3093.0,54.158,49.578,92.349,298.996,381.966
3094.0,54.097,49.613,92.489,297.917,374.066
3095.0,53.511,49.699,92.742,298.889,379.823
3096.0,54.167,49.686,92.947,301.912,373.966
3097.0,55.615,49.825,93.07,302.836,371.924
3098.0,55.119,49.753,93.102,301.999,370.919
3099.0,49.35,49.841,93.326,294.986,375.092
3100.0,40.613,49.759,92.994,286.988,357.348
3101.0,40.65,49.822,92.923,284.507,354.016
3102.0,40.574,49.765,92.717,281.668,350.454
3103.0,40.521,49.813,92.637,278.85,346.698
3104.0,40.535,49.778,92.563,275.985,343.006
3105.0,40.537,49.742,92.514,273.189,339.368
3106.0,40.533,49.737,92.423,270.309,335.747
3107.0,40.534,49.75,92.451,267.671,332.178
3108.0,40.571,49.818,92.404,265.021,328.714
3109.0,40.539,49.777,92.326,262.372,325.162
3110.0,40.487,49.814,92.335,259.875,321.572
3111.0,40.58,49.788,92.327,257.499,318.301
3112.0,40.463,49.803,92.31,255.196,315.293
3113.0,40.483,49.817,92.301,252.908,312.457
3114.0,40.443,49.837,92.291,250.694,309.543
3115.0,40.488,49.842,92.324,248.612,306.396
3116.0,40.439,49.867,92.377,246.589,303.702
3117.0,40.419,49.852,92.363,244.562,301.042
3118.0,40.419,49.949,92.453,242.69,298.756
3119.0,40.442,50.008,92.471,240.764,296.282
3120.0,40.352,50.055,92.535,238.983,293.904
3121.0,40.449,50.072,92.54,237.212,291.46
3122.0,40.399,50.095,92.631,235.435,289.125
3123.0,40.312,50.098,92.639,233.728,286.925
3124.0,40.318,50.194,92.724,232.118,284.767
3125.0,40.26,50.194,92.708,230.482,282.377
3126.0,40.328,50.32,92.845,228.995,280.236
3127.0,40.354,50.389,92.908,227.506,278.251
3128.0,40.309,50.384,92.968,226.025,276.152
3129.0,40.285,50.45,93.035,224.512,274.283
3130.0,40.273,50.502,93.051,223.079,272.482
3131.0,40.305,50.579,93.136,221.743,270.601
3132.0,40.309,50.588,93.166,220.323,268.715
3133.0,40.345,50.675,93.251,219.021,266.926
3134.0,40.313,50.675,93.258,217.669,265.131
3135.0,40.366,50.725,93.319,216.414,263.288
3136.0,40.273,50.76,93.354,215.106,261.492
3137.0,40.365,50.851,93.438,213.91,259.85
3138.0,40.281,50.877,93.451,212.636,258.043
3139.0,40.329,50.913,93.519,211.462,256.385
3140.0,40.326,50.915,93.55,210.223,254.706
3141.0,40.359,50.939,93.594,209.12,253.139
3142.0,40.376,51.024,93.672,207.993,251.616
3143.0,40.262,51.005,93.712,206.805,250.017
3144.0,40.394,51.097,93.721,205.754,248.578
3145.0,40.386,51.172,93.835,204.717,247.11
3146.0,40.369,51.163,93.852,203.637,245.563
3147.0,40.366,51.202,93.893,202.545,243.932
3148.0,40.367,51.264,93.921,201.544,242.508
3149.0,40.35,51.283,93.939,200.542,241.094
3150.0,40.415,51.348,93.995,199.536,239.795
3151.0,40.341,51.337,93.915,198.499,238.37
3152.0,40.361,51.442,94.037,197.523,237.093
3153.0,40.464,51.529,94.096,196.609,235.837
3154.0,40.48,51.532,94.122,195.63,234.499
3155.0,40.428,51.595,94.121,194.66,233.074
3156.0,40.418,51.611,94.145,193.788,231.591
3157.0,40.393,51.639,94.128,192.791,230.106
3158.0,40.514,51.753,94.255,191.947,228.956
3159.0,40.521,51.787,94.256,191.044,227.756
3160.0,40.454,51.828,94.237,190.126,226.492
3161.0,40.509,51.945,94.276,189.28,225.269
3162.0,40.552,51.982,94.311,188.527,224.018
3163.0,40.515,51.932,94.292,187.605,222.66
3164.0,40.529,52.033,94.283,186.739,221.379
3165.0,40.536,52.022,94.251,185.904,220.102
3166.0,40.524,52.094,94.295,185.115,218.933
3167.0,40.548,52.141,94.333,184.296,217.83
3168.0,40.555,52.17,94.334,183.48,216.838
3169.0,40.591,52.23,94.351,182.787,215.787
3170.0,40.497,52.252,94.295,181.897,214.402
3171.0,40.56,52.324,94.328,181.161,213.107
3172.0,40.573,52.32,94.326,180.385,211.82
3173.0,40.604,52.387,94.322,179.654,210.803
3174.0,40.583,52.407,94.284,178.929,209.835
3175.0,40.651,52.455,94.326,178.249,208.906
3176.0,40.658,52.551,94.287,177.537,207.995
3177.0,40.702,52.594,94.325,176.812,207.036
3178.0,40.737,52.655,94.352,176.211,205.908
3179.0,40.709,52.687,94.322,175.488,204.848
3180.0,40.741,52.703,94.257,174.743,203.796
3181.0,40.665,52.767,94.264,174.1,202.709
3182.0,40.73,52.801,94.27,173.431,201.616
3183.0,40.749,52.841,94.233,172.731,200.648
3184.0,40.733,52.809,94.194,172.089,199.722
3185.0,40.728,52.895,94.193,171.461,198.813
3186.0,40.767,52.901,94.171,170.807,197.78
3187.0,40.799,53.04,94.195,170.225,196.971
3188.0,40.791,53.012,94.083,169.567,196.03
3189.0,40.852,53.081,94.062,168.926,195.325
3190.0,40.811,53.061,94.099,168.309,194.57
3191.0,40.805,53.129,94.011,167.668,193.602
3192.0,40.846,53.212,94.064,167.095,192.698
3193.0,40.868,53.23,94.014,166.491,191.692
3194.0,40.882,53.276,93.954,165.884,190.791
3195.0,40.893,53.347,93.961,165.352,189.999
3196.0,40.897,53.392,93.916,164.75,189.031
3197.0,40.946,53.417,93.929,164.157,187.849
3198.0,40.893,53.403,93.808,163.548,186.84
3199.0,40.921,53.478,93.808,162.992,186.153
3200.0,40.888,53.438,93.721,162.438,185.295
3201.0,40.941,53.515,93.709,161.858,184.486
3202.0,40.953,53.508,93.717,161.323,183.619
3203.0,41.007,53.585,93.697,160.797,182.908
3204.0,40.985,53.662,93.599,160.262,182.296
3205.0,41.002,53.65,93.556,159.665,181.64
3206.0,40.976,53.731,93.535,159.225,180.82
3207.0,41.019,53.726,93.488,158.667,180.118
3208.0,40.975,53.771,93.473,158.184,179.507
3209.0,41.072,53.879,93.414,157.711,178.881
3210.0,41.056,53.878,93.396,157.168,178.19
3211.0,41.045,53.926,93.3,156.59,177.345
3212.0,41.111,54.012,93.256,156.139,176.636
3213.0,41.105,53.959,93.237,155.612,175.907
3214.0,41.101,54.023,93.214,155.129,175.098
3215.0,41.155,54.1,93.195,154.742,174.439
3216.0,41.13,54.034,93.112,154.191,173.808
3217.0,41.144,54.161,93.072,153.703,173.168
3218.0,41.148,54.202,93.01,153.246,172.372
3219.0,41.167,54.197,93.017,152.745,171.672
3220.0,41.195,54.242,92.909,152.274,170.957
3221.0,41.209,54.23,92.853,151.786,170.369
3222.0,41.197,54.245,92.771,151.376,169.863
3223.0,41.247,54.336,92.754,150.91,169.414
3224.0,41.192,54.349,92.696,150.471,168.748
3225.0,41.294,54.411,92.652,149.989,168.086
3226.0,41.354,54.452,92.627,149.566,167.343
3227.0,41.272,54.386,92.509,149.092,166.549
3228.0,41.363,54.507,92.489,148.658,165.86
3229.0,41.334,54.537,92.418,148.206,165.1
3230.0,41.329,54.544,92.31,147.696,164.451
3231.0,41.332,54.588,92.243,147.373,164.028
3232.0,41.32,54.596,92.235,146.867,163.394
3233.0,41.372,54.698,92.15,146.465,162.701
3234.0,41.425,54.711,92.201,146.046,162.032
3235.0,41.393,54.76,92.063,145.616,161.173
3236.0,41.408,54.78,92.034,145.173,160.58
3237.0,41.467,54.762,91.984,144.816,160.029
3238.0,41.46,54.778,91.844,144.311,159.322
3239.0,41.395,54.768,91.754,143.927,158.617
3240.0,41.469,54.794,91.745,143.531,158.101
3241.0,41.503,54.884,91.687,143.128,157.375
3242.0,41.514,54.874,91.661,142.762,156.851
3243.0,41.566,54.87,91.536,142.347,156.304
3244.0,41.569,54.964,91.537,141.956,155.813
3245.0,41.578,54.995,91.416,141.531,155.417
3246.0,41.622,55.007,91.369,141.179,154.766
3247.0,41.618,55.012,91.227,140.778,154.402
3248.0,41.706,55.066,91.217,140.35,153.942
3249.0,41.677,55.062,91.117,139.944,153.433
3250.0,41.701,55.058,91.076,139.622,152.744
3251.0,41.714,55.118,91.023,139.231,152.224
3252.0,41.718,55.136,90.906,138.827,151.81
3253.0,41.783,55.177,90.944,138.477,151.39
3254.0,41.752,55.178,90.842,138.022,150.9
3255.0,41.818,55.174,90.715,137.684,150.346
3256.0,41.811,55.222,90.636,137.345,149.834
3257.0,41.758,55.221,90.542,136.885,149.344
3258.0,41.79,55.266,90.496,136.546,148.816
3259.0,41.802,55.272,90.405,136.218,148.369
3260.0,41.829,55.318,90.4,135.856,147.963
3261.0,41.862,55.325,90.286,135.456,147.431
3262.0,41.952,55.387,90.323,135.202,147.028
3263.0,41.885,55.359,90.156,134.791,146.379
3264.0,41.891,55.435,90.142,134.444,145.882
3265.0,41.916,55.471,90.044,134.089,145.473
3266.0,41.967,55.445,89.959,133.729,144.961
3267.0,41.963,55.451,89.862,133.373,144.453
3268.0,41.982,55.484,89.78,133.086,144.015
3269.0,41.993,55.478,89.669,132.655,143.583
3270.0,41.987,55.496,89.591,132.291,143.124
3271.0,42.03,55.567,89.609,132.012,142.546
3272.0,42.046,55.585,89.49,131.688,141.934
3273.0,42.089,55.549,89.416,131.338,141.395
3274.0,42.112,55.605,89.315,130.947,140.942
3275.0,42.153,55.604,89.239,130.713,140.562
3276.0,42.155,55.658,89.183,130.357,140.209
3277.0,42.185,55.639,89.098,130.062,139.731
3278.0,42.222,55.643,88.997,129.734,139.195
3279.0,42.177,55.609,88.93,129.431,138.599
3280.0,42.214,55.659,88.856,129.091,138.224
3281.0,42.158,55.672,88.765,128.75,137.936
3282.0,42.253,55.689,88.697,128.439,137.52
3283.0,42.26,55.676,88.58,128.13,137.014
3284.0,42.333,55.735,88.483,127.812,136.533
3285.0,42.306,55.742,88.485,127.564,136.123
3286.0,42.32,55.712,88.346,127.18,135.754
3287.0,42.425,55.756,88.27,126.925,135.397
3288.0,42.421,55.792,88.237,126.59,134.935
3289.0,42.403,55.762,88.164,126.241,134.519
3290.0,42.381,55.806,88.088,125.984,134.207
3291.0,42.49,55.782,88.002,125.667,133.876
3292.0,42.429,55.814,87.855,125.34,133.274
3293.0,42.421,55.863,87.803,125.015,132.784
3294.0,42.497,55.863,87.764,124.734,132.376
3295.0,42.442,55.831,87.637,124.384,131.848
3296.0,42.515,55.887,87.599,124.13,131.24
3297.0,42.453,55.861,87.439,123.747,130.568
3298.0,42.508,55.91,87.441,123.497,130.2
3299.0,42.505,55.906,87.325,123.194,129.851
3300.0,42.529,55.881,87.225,122.943,129.442
3301.0,42.584,55.906,87.165,122.687,128.981
3302.0,42.561,55.913,87.117,122.346,128.51
3303.0,42.535,55.916,86.988,122.044,128.083
3304.0,42.566,55.95,86.95,121.786,127.626
3305.0,42.638,55.949,86.849,121.531,127.182
3306.0,42.606,55.973,86.792,121.235,126.787
3307.0,42.591,55.934,86.639,120.854,126.599
3308.0,42.659,55.959,86.574,120.62,126.487
3309.0,42.652,55.951,86.422,120.331,126.111
3310.0,42.702,56.011,86.48,120.115,125.875
3311.0,42.661,55.967,86.314,119.788,125.38
3312.0,42.808,56.051,86.286,119.546,125.123
3313.0,42.751,56.074,86.192,119.195,124.749
3314.0,42.82,56.088,86.076,118.949,124.452
3315.0,42.766,56.055,86.017,118.665,124.109
3316.0,42.864,56.025,85.888,118.411,123.779
3317.0,42.873,56.122,85.865,118.124,123.445
3318.0,42.892,56.06,85.783,117.889,123.123
3319.0,42.84,56.115,85.688,117.582,122.711
3320.0,42.901,56.145,85.59,117.317,122.356
3321.0,42.975,56.157,85.554,117.116,122.02
3322.0,42.945,56.15,85.43,116.865,121.459
3323.0,42.938,56.103,85.357,116.596,121.145
3324.0,43.009,56.191,85.282,116.383,120.745
3325.0,42.973,56.146,85.203,116.107,120.382
3326.0,43.048,56.191,85.109,115.824,120.039
3327.0,42.997,56.157,85.004,115.545,119.637
3328.0,43.056,56.126,84.948,115.293,119.28
3329.0,43.04,56.135,84.828,114.944,118.937
3330.0,43.048,56.147,84.752,114.726,118.656
3331.0,43.087,56.125,84.683,114.451,118.362
3332.0,43.041,56.157,84.556,114.188,117.93
3333.0,43.165,56.196,84.576,114.021,117.593
3334.0,43.133,56.175,84.459,113.729,117.349
3335.0,43.116,56.192,84.354,113.436,117.071
3336.0,43.174,56.203,84.307,113.299,116.905
3337.0,43.204,56.195,84.2,112.989,116.568
3338.0,43.21,56.18,84.119,112.691,116.224
3339.0,43.197,56.194,84.046,112.452,115.815
3340.0,43.209,56.202,83.934,112.214,115.53
3341.0,43.269,56.201,83.924,111.997,115.233
3342.0,43.251,56.197,83.793,111.724,114.846
3343.0,43.257,56.218,83.7,111.462,114.492
3344.0,43.28,56.206,83.598,111.277,114.148
3345.0,43.276,56.12,83.499,111.008,113.965
3346.0,43.313,56.18,83.404,110.764,113.624
3347.0,43.323,56.189,83.33,110.531,113.138
3348.0,43.31,56.214,83.228,110.308,112.796
3349.0,43.411,56.214,83.169,110.075,112.426
3350.0,43.335,56.216,83.085,109.85,112.045
3351.0,43.459,56.246,83.037,109.703,111.684
3352.0,43.406,56.238,82.923,109.404,111.287
3353.0,43.448,56.223,82.881,109.192,110.903
3354.0,43.467,56.225,82.771,108.911,110.427
3355.0,43.378,56.202,82.61,108.665,110.128
3356.0,43.404,56.247,82.622,108.469,110.033
3357.0,43.513,56.207,82.446,108.214,109.846
3358.0,43.454,56.19,82.39,107.974,109.578
3359.0,43.572,56.246,82.406,107.794,109.444
3360.0,43.549,56.215,82.278,107.531,109.163
